"../../../Engine/Content/EditorResources/S_Actor.ubulk" 0
"../../../Engine/Content/EditorResources/S_Actor.uasset" 1
"../../../Engine/Content/EditorResources/S_Actor.uexp" 2
"../../../Engine/Plugins/Animation/ACLPlugin/Content/ACLAnimCurveCompressionSettings.uasset" 3
"../../../Engine/Plugins/Animation/ACLPlugin/Content/ACLAnimCurveCompressionSettings.uexp" 4
"../../../Engine/Plugins/Animation/ACLPlugin/Content/ACLAnimBoneCompressionSettings.uasset" 5
"../../../Engine/Plugins/Animation/ACLPlugin/Content/ACLAnimBoneCompressionSettings.uexp" 6
"../../../Engine/Plugins/2D/Paper2D/Content/PlaceholderTextures/DummySpriteTexture.ubulk" 7
"../../../Engine/Plugins/2D/Paper2D/Content/PlaceholderTextures/DummySpriteTexture.uasset" 8
"../../../Engine/Plugins/2D/Paper2D/Content/PlaceholderTextures/DummySpriteTexture.uexp" 9
"../../../Engine/Plugins/2D/Paper2D/Content/DummySprite.uasset" 10
"../../../Engine/Plugins/2D/Paper2D/Content/DummySprite.uexp" 11
"../../../Engine/Plugins/2D/Paper2D/Content/DefaultPaperTerrainMaterial.uasset" 12
"../../../Engine/Plugins/2D/Paper2D/Content/DefaultPaperTerrainMaterial.uexp" 13
"../../../Engine/Plugins/Runtime/AudioWidgets/Content/Resources/ScrubHandleDown_Clamped.uasset" 14
"../../../Engine/Plugins/Runtime/AudioWidgets/Content/Resources/ScrubHandleDown_Clamped.uexp" 15
"../../../Engine/Plugins/Interchange/Runtime/Content/Pipelines/DefaultTexturePipeline.uasset" 16
"../../../Engine/Plugins/Interchange/Runtime/Content/Pipelines/DefaultTexturePipeline.uexp" 17
"../../../Engine/Plugins/Interchange/Runtime/Content/Pipelines/DefaultSceneLevelPipeline.uasset" 18
"../../../Engine/Plugins/Interchange/Runtime/Content/Pipelines/DefaultSceneLevelPipeline.uexp" 19
"../../../Engine/Plugins/Interchange/Runtime/Content/Pipelines/DefaultSceneAssetsPipeline.uasset" 20
"../../../Engine/Plugins/Interchange/Runtime/Content/Pipelines/DefaultSceneAssetsPipeline.uexp" 21
"../../../Engine/Plugins/Interchange/Runtime/Content/Pipelines/DefaultMaterialXPipeline.uasset" 22
"../../../Engine/Plugins/Interchange/Runtime/Content/Pipelines/DefaultMaterialXPipeline.uexp" 23
"../../../Engine/Plugins/Interchange/Runtime/Content/Pipelines/DefaultMaterialPipeline.uasset" 24
"../../../Engine/Plugins/Interchange/Runtime/Content/Pipelines/DefaultMaterialPipeline.uexp" 25
"../../../Engine/Plugins/Interchange/Runtime/Content/Pipelines/DefaultGLTFSceneAssetsPipeline.uasset" 26
"../../../Engine/Plugins/Interchange/Runtime/Content/Pipelines/DefaultGLTFSceneAssetsPipeline.uexp" 27
"../../../Engine/Plugins/Interchange/Runtime/Content/Pipelines/DefaultGLTFPipeline.uasset" 28
"../../../Engine/Plugins/Interchange/Runtime/Content/Pipelines/DefaultGLTFPipeline.uexp" 29
"../../../Engine/Plugins/Interchange/Runtime/Content/Pipelines/DefaultGLTFAssetsPipeline.uasset" 30
"../../../Engine/Plugins/Interchange/Runtime/Content/Pipelines/DefaultGLTFAssetsPipeline.uexp" 31
"../../../Engine/Plugins/Interchange/Runtime/Content/Pipelines/DefaultAssetsPipeline.uasset" 32
"../../../Engine/Plugins/Interchange/Runtime/Content/Pipelines/DefaultAssetsPipeline.uexp" 33
"../../../Engine/Plugins/Animation/ControlRig/Content/Controls/DefaultGizmoLibraryNormalized.uasset" 34
"../../../Engine/Plugins/Animation/ControlRig/Content/Controls/DefaultGizmoLibraryNormalized.uexp" 35
"../../../Engine/Content/MobileResources/HUD/VirtualJoystick_Background.uasset" 36
"../../../Engine/Content/MobileResources/HUD/VirtualJoystick_Background.uexp" 37
"../../../Engine/Content/MobileResources/HUD/VirtualJoystick_Thumb.uasset" 38
"../../../Engine/Content/MobileResources/HUD/VirtualJoystick_Thumb.uexp" 39
"../../../Engine/Content/MobileResources/HUD/DefaultVirtualJoysticks.uasset" 40
"../../../Engine/Content/MobileResources/HUD/DefaultVirtualJoysticks.uexp" 41
"../../../Engine/Content/EngineSounds/Master.uasset" 42
"../../../Engine/Content/EngineSounds/Master.uexp" 43
"../../../Engine/Content/EngineResources/GradientTexture0.uasset" 44
"../../../Engine/Content/EngineResources/GradientTexture0.uexp" 45
"../../../Engine/Content/EngineResources/DefaultTexture.ubulk" 46
"../../../Engine/Content/EngineResources/DefaultTexture.uasset" 47
"../../../Engine/Content/EngineResources/DefaultTexture.uexp" 48
"../../../Engine/Content/EngineResources/Black.uasset" 49
"../../../Engine/Content/EngineResources/Black.uexp" 50
"../../../Engine/Content/EngineResources/FilmGrains/Marcie_Grain_v3_128_M2_000.uasset" 51
"../../../Engine/Content/EngineResources/FilmGrains/Marcie_Grain_v3_128_M2_000.uexp" 52
"../../../Engine/Content/EngineMaterials/PreintegratedSkinBRDF.uasset" 53
"../../../Engine/Content/EngineMaterials/PreintegratedSkinBRDF.uexp" 54
"../../../Engine/Content/EngineMaterials/MiniFont.uasset" 55
"../../../Engine/Content/EngineMaterials/MiniFont.uexp" 56
"../../../Engine/Content/EngineMaterials/FastBlueNoise_vec2_128x128x64.uasset" 57
"../../../Engine/Content/EngineMaterials/FastBlueNoise_vec2_128x128x64.uexp" 58
"../../../Engine/Content/EngineMaterials/FastBlueNoise_scalar_128x128x64.uasset" 59
"../../../Engine/Content/EngineMaterials/FastBlueNoise_scalar_128x128x64.uexp" 60
"../../../Engine/Content/EngineMaterials/DefaultWhiteGrid.ubulk" 61
"../../../Engine/Content/EngineMaterials/DefaultWhiteGrid.uasset" 62
"../../../Engine/Content/EngineMaterials/DefaultWhiteGrid.uexp" 63
"../../../Engine/Content/EngineMaterials/DefaultPhysicalMaterial.uasset" 64
"../../../Engine/Content/EngineMaterials/DefaultPhysicalMaterial.uexp" 65
"../../../Engine/Content/EngineMaterials/DefaultDestructiblePhysicalMaterial.uasset" 66
"../../../Engine/Content/EngineMaterials/DefaultDestructiblePhysicalMaterial.uexp" 67
"../../../Engine/Content/EngineMaterials/DefaultBokeh.uasset" 68
"../../../Engine/Content/EngineMaterials/DefaultBokeh.uexp" 69
"../../../Engine/Content/EngineMaterials/DefaultBloomKernel.uasset" 70
"../../../Engine/Content/EngineMaterials/DefaultBloomKernel.uexp" 71
"../../../Engine/Content/EngineMaterials/LTC/Sheen_LTC.uasset" 72
"../../../Engine/Content/EngineMaterials/LTC/Sheen_LTC.uexp" 73
"../../../Engine/Content/EngineMaterials/LTC/GGX_LTCMat.uasset" 74
"../../../Engine/Content/EngineMaterials/LTC/GGX_LTCMat.uexp" 75
"../../../Engine/Content/EngineMaterials/LTC/GGX_LTCAmp.uasset" 76
"../../../Engine/Content/EngineMaterials/LTC/GGX_LTCAmp.uexp" 77
"../../../Engine/Content/EngineMaterials/EnergyConservation/Sheen_Energy.uasset" 78
"../../../Engine/Content/EngineMaterials/EnergyConservation/Sheen_Energy.uexp" 79
"../../../Engine/Content/EngineMaterials/EnergyConservation/SheenLegacy_Energy.uasset" 80
"../../../Engine/Content/EngineMaterials/EnergyConservation/SheenLegacy_Energy.uexp" 81
"../../../Engine/Content/EngineMaterials/EnergyConservation/GGX_TransmissionEnergyArray.uasset" 82
"../../../Engine/Content/EngineMaterials/EnergyConservation/GGX_TransmissionEnergyArray.uexp" 83
"../../../Engine/Content/EngineMaterials/EnergyConservation/GGX_ReflectionEnergy.uasset" 84
"../../../Engine/Content/EngineMaterials/EnergyConservation/GGX_ReflectionEnergy.uexp" 85
"../../../Engine/Content/EngineMaterials/EnergyConservation/Diffuse_Energy.uasset" 86
"../../../Engine/Content/EngineMaterials/EnergyConservation/Diffuse_Energy.uexp" 87
"../../../Engine/Content/EngineFonts/Faces/RobotoLight.uexp" 88
"../../../Engine/Content/EngineFonts/Faces/RobotoLight.uasset" 89
"../../../Engine/Content/EngineFonts/Faces/RobotoLight.ufont" 90
"../../../Engine/Content/EngineFonts/Faces/RobotoBold.uexp" 91
"../../../Engine/Content/EngineFonts/Faces/RobotoBold.uasset" 92
"../../../Engine/Content/EngineFonts/Faces/RobotoBold.ufont" 93
"../../../Engine/Content/EngineFonts/Faces/RobotoRegular.uexp" 94
"../../../Engine/Content/EngineFonts/Faces/RobotoRegular.uasset" 95
"../../../Engine/Content/EngineFonts/Faces/RobotoRegular.ufont" 96
"../../../Engine/Content/EngineFonts/Faces/DroidSansFallback.uexp" 97
"../../../Engine/Content/EngineFonts/Faces/DroidSansFallback.uasset" 98
"../../../Engine/Content/EngineFonts/Faces/DroidSansFallback.ufont" 99
"../../../Engine/Content/EngineFonts/Faces/RobotoItalic.uexp" 100
"../../../Engine/Content/EngineFonts/Faces/RobotoItalic.uasset" 101
"../../../Engine/Content/EngineFonts/Faces/RobotoItalic.ufont" 102
"../../../Engine/Content/EngineFonts/Faces/RobotoBoldItalic.uexp" 103
"../../../Engine/Content/EngineFonts/Faces/RobotoBoldItalic.uasset" 104
"../../../Engine/Content/EngineFonts/Faces/RobotoBoldItalic.ufont" 105
"../../../Engine/Content/EngineFonts/Roboto.uasset" 106
"../../../Engine/Content/EngineFonts/Roboto.uexp" 107
"../../../Engine/Content/EngineDamageTypes/DmgTypeBP_Environmental.uasset" 108
"../../../Engine/Content/EngineDamageTypes/DmgTypeBP_Environmental.uexp" 109
"../../../Engine/Content/EditorResources/S_TriggerSphere.uasset" 110
"../../../Engine/Content/EditorResources/S_TriggerSphere.uexp" 111
"../../../Engine/Content/EditorResources/S_TriggerCapsule.uasset" 112
"../../../Engine/Content/EditorResources/S_TriggerCapsule.uexp" 113
"../../../Engine/Content/EditorResources/S_TriggerBox.uasset" 114
"../../../Engine/Content/EditorResources/S_TriggerBox.uexp" 115
"../../../Engine/Content/EditorResources/S_Trigger.ubulk" 116
"../../../Engine/Content/EditorResources/S_Trigger.uasset" 117
"../../../Engine/Content/EditorResources/S_Trigger.uexp" 118
"../../../Engine/Content/EditorResources/S_Terrain.ubulk" 119
"../../../Engine/Content/EditorResources/S_Terrain.uasset" 120
"../../../Engine/Content/EditorResources/S_Terrain.uexp" 121
"../../../Engine/Content/EditorResources/S_Solver.ubulk" 122
"../../../Engine/Content/EditorResources/S_Solver.uasset" 123
"../../../Engine/Content/EditorResources/S_Solver.uexp" 124
"../../../Engine/Content/EditorResources/S_BoxReflectionCapture.uasset" 125
"../../../Engine/Content/EditorResources/S_BoxReflectionCapture.uexp" 126
"../../../Engine/Content/EditorResources/EmptyActor.uasset" 127
"../../../Engine/Content/EditorResources/EmptyActor.uexp" 128
"../../../Engine/Content/EditorResources/BSPVertex.uasset" 129
"../../../Engine/Content/EditorResources/BSPVertex.uexp" 130
"../../../Engine/Content/EditorResources/SequenceRecorder/RecordingIndicator.uasset" 131
"../../../Engine/Content/EditorResources/SequenceRecorder/RecordingIndicator.uexp" 132
"../../../Engine/Content/EditorResources/SequenceRecorder/Countdown.uasset" 133
"../../../Engine/Content/EditorResources/SequenceRecorder/Countdown.uexp" 134
"../../../Engine/Content/EditorMaterials/ParticleSystems/PSysThumbnail_OOD.ubulk" 135
"../../../Engine/Content/EditorMaterials/ParticleSystems/PSysThumbnail_OOD.uasset" 136
"../../../Engine/Content/EditorMaterials/ParticleSystems/PSysThumbnail_OOD.uexp" 137
"../../../Engine/Content/EditorMaterials/ParticleSystems/PSysThumbnail_NoImage.ubulk" 138
"../../../Engine/Content/EditorMaterials/ParticleSystems/PSysThumbnail_NoImage.uasset" 139
"../../../Engine/Content/EditorMaterials/ParticleSystems/PSysThumbnail_NoImage.uexp" 140
"../../../Engine/Content/EditorLandscapeResources/DefaultAlphaTexture.uasset" 141
"../../../Engine/Content/EditorLandscapeResources/DefaultAlphaTexture.uexp" 142
"../../../Engine/Content/Animation/DefaultVariableFrameStrippingSettings.uasset" 143
"../../../Engine/Content/Animation/DefaultVariableFrameStrippingSettings.uexp" 144
"../../../Engine/Content/Animation/DefaultRecorderBoneCompression.uasset" 145
"../../../Engine/Content/Animation/DefaultRecorderBoneCompression.uexp" 146
"E:/Projects/Clowns/Content/HorrorEngine/Blueprints/Structures/Gameplay/Gameplay_Footstep.uasset" 147
"E:/Projects/Clowns/Content/HorrorEngine/Blueprints/Structures/Gameplay/Gameplay_Footstep.uexp" 148
"E:/Projects/Clowns/Content/HorrorEngine/Blueprints/Structures/Settings/Settings_Spotlight.uasset" 149
"E:/Projects/Clowns/Content/HorrorEngine/Blueprints/Structures/Settings/Settings_Spotlight.uexp" 150
"E:/Projects/Clowns/Content/HorrorEngine/Input/HE_AlternativeUse.uasset" 151
"E:/Projects/Clowns/Content/HorrorEngine/Input/HE_AlternativeUse.uexp" 152
"E:/Projects/Clowns/Content/HorrorEngine/Blueprints/Structures/Settings/Settings_Button.uasset" 153
"E:/Projects/Clowns/Content/HorrorEngine/Blueprints/Structures/Settings/Settings_Button.uexp" 154
"E:/Projects/Clowns/Content/HorrorEngine/Blueprints/Structures/SetMesh/Set_Color.uasset" 155
"E:/Projects/Clowns/Content/HorrorEngine/Blueprints/Structures/SetMesh/Set_Color.uexp" 156
"E:/Projects/Clowns/Content/HorrorEngine/Blueprints/Structures/SetMesh/Set_Emissive.uasset" 157
"E:/Projects/Clowns/Content/HorrorEngine/Blueprints/Structures/SetMesh/Set_Emissive.uexp" 158
"E:/Projects/Clowns/Content/HorrorEngine/Blueprints/Structures/SetMesh/Set_Texture.uasset" 159
"E:/Projects/Clowns/Content/HorrorEngine/Blueprints/Structures/SetMesh/Set_Texture.uexp" 160
"E:/Projects/Clowns/Content/HorrorEngine/Blueprints/Structures/SetMesh/Set_Material.uasset" 161
"E:/Projects/Clowns/Content/HorrorEngine/Blueprints/Structures/SetMesh/Set_Material.uexp" 162
"E:/Projects/Clowns/Content/HorrorEngine/Blueprints/Structures/SetMesh/Set_Mesh.uasset" 163
"E:/Projects/Clowns/Content/HorrorEngine/Blueprints/Structures/SetMesh/Set_Mesh.uexp" 164
"E:/Projects/Clowns/Content/HorrorEngine/Audio/_SoundSettings/SC_Dialogue.uasset" 165
"E:/Projects/Clowns/Content/HorrorEngine/Audio/_SoundSettings/SC_Dialogue.uexp" 166
"E:/Projects/Clowns/Content/HorrorEngine/Audio/_SoundSettings/SC_Music.uasset" 167
"E:/Projects/Clowns/Content/HorrorEngine/Audio/_SoundSettings/SC_Music.uexp" 168
"E:/Projects/Clowns/Content/HorrorEngine/Audio/_SoundSettings/SC_MasterSound.uasset" 169
"E:/Projects/Clowns/Content/HorrorEngine/Audio/_SoundSettings/SC_MasterSound.uexp" 170
"E:/Projects/Clowns/Content/HorrorEngine/Audio/_SoundSettings/SC_Effects.uasset" 171
"E:/Projects/Clowns/Content/HorrorEngine/Audio/_SoundSettings/SC_Effects.uexp" 172
"E:/Projects/Clowns/Content/HorrorEngine/Audio/Interactions/S_Button_Click_On.uasset" 173
"E:/Projects/Clowns/Content/HorrorEngine/Audio/Interactions/S_Button_Click_On.uexp" 174
"E:/Projects/Clowns/Content/HorrorEngine/Audio/Interactions/S_Button_Click_Off.uasset" 175
"E:/Projects/Clowns/Content/HorrorEngine/Audio/Interactions/S_Button_Click_Off.uexp" 176
"E:/Projects/Clowns/Content/HorrorEngine/Audio/Interactions/S_Button_Click_On_Cue.uasset" 177
"E:/Projects/Clowns/Content/HorrorEngine/Audio/Interactions/S_Button_Click_On_Cue.uexp" 178
"E:/Projects/Clowns/Content/HorrorEngine/Textures/T_FlashLight_DLP.uasset" 179
"E:/Projects/Clowns/Content/HorrorEngine/Textures/T_FlashLight_DLP.uexp" 180
"E:/Projects/Clowns/Content/HorrorEngine/Audio/Interactions/S_Button_Click_Off_Cue.uasset" 181
"E:/Projects/Clowns/Content/HorrorEngine/Audio/Interactions/S_Button_Click_Off_Cue.uexp" 182
"E:/Projects/Clowns/Content/HorrorEngine/Blueprints/Structures/Gameplay/Gameplay_Equipment_Flashlight.uasset" 183
"E:/Projects/Clowns/Content/HorrorEngine/Blueprints/Structures/Gameplay/Gameplay_Equipment_Flashlight.uexp" 184
"E:/Projects/Clowns/Content/HorrorEngine/Textures/T_Decal_Shot_D.uasset" 185
"E:/Projects/Clowns/Content/HorrorEngine/Textures/T_Decal_Shot_D.uexp" 186
"E:/Projects/Clowns/Content/HorrorEngine/Textures/T_Decal_Shot_M.uasset" 187
"E:/Projects/Clowns/Content/HorrorEngine/Textures/T_Decal_Shot_M.uexp" 188
"E:/Projects/Clowns/Content/HorrorEngine/Materials/M_Shot.uasset" 189
"E:/Projects/Clowns/Content/HorrorEngine/Materials/M_Shot.uexp" 190
"E:/Projects/Clowns/Content/HorrorEngine/Audio/Interactions/S_Pistol_Release.uasset" 191
"E:/Projects/Clowns/Content/HorrorEngine/Audio/Interactions/S_Pistol_Release.uexp" 192
"E:/Projects/Clowns/Content/HorrorEngine/Audio/Interactions/S_Pistol_Clip_UnPlug.uasset" 193
"E:/Projects/Clowns/Content/HorrorEngine/Audio/Interactions/S_Pistol_Clip_UnPlug.uexp" 194
"E:/Projects/Clowns/Content/HorrorEngine/Audio/Interactions/S_Pistol_Pull.uasset" 195
"E:/Projects/Clowns/Content/HorrorEngine/Audio/Interactions/S_Pistol_Pull.uexp" 196
"E:/Projects/Clowns/Content/HorrorEngine/Audio/Interactions/S_Pistol_Clip_Plug.uasset" 197
"E:/Projects/Clowns/Content/HorrorEngine/Audio/Interactions/S_Pistol_Clip_Plug.uexp" 198
"E:/Projects/Clowns/Content/HorrorEngine/Audio/Interactions/S_Pistol_Reload_Empty_Cue.uasset" 199
"E:/Projects/Clowns/Content/HorrorEngine/Audio/Interactions/S_Pistol_Reload_Empty_Cue.uexp" 200
"E:/Projects/Clowns/Content/HorrorEngine/Audio/Interactions/S_Pistol_Reload_Cue.uasset" 201
"E:/Projects/Clowns/Content/HorrorEngine/Audio/Interactions/S_Pistol_Reload_Cue.uexp" 202
"E:/Projects/Clowns/Content/HorrorEngine/Audio/Interactions/S_Pistol_NoAmmo_Cue.uasset" 203
"E:/Projects/Clowns/Content/HorrorEngine/Audio/Interactions/S_Pistol_NoAmmo_Cue.uexp" 204
"E:/Projects/Clowns/Content/HorrorEngine/Audio/Interactions/S_Pistol_Equip_Cue.uasset" 205
"E:/Projects/Clowns/Content/HorrorEngine/Audio/Interactions/S_Pistol_Equip_Cue.uexp" 206
"E:/Projects/Clowns/Content/HorrorEngine/Audio/Interactions/S_Pistol_Shot_04.uasset" 207
"E:/Projects/Clowns/Content/HorrorEngine/Audio/Interactions/S_Pistol_Shot_04.uexp" 208
"E:/Projects/Clowns/Content/HorrorEngine/Audio/Interactions/S_Pistol_Shot_01.uasset" 209
"E:/Projects/Clowns/Content/HorrorEngine/Audio/Interactions/S_Pistol_Shot_01.uexp" 210
"E:/Projects/Clowns/Content/HorrorEngine/Audio/Interactions/S_Pistol_Shot_03.uasset" 211
"E:/Projects/Clowns/Content/HorrorEngine/Audio/Interactions/S_Pistol_Shot_03.uexp" 212
"E:/Projects/Clowns/Content/HorrorEngine/Audio/Interactions/S_Pistol_Shot_02.uasset" 213
"E:/Projects/Clowns/Content/HorrorEngine/Audio/Interactions/S_Pistol_Shot_02.uexp" 214
"E:/Projects/Clowns/Content/HorrorEngine/Audio/Interactions/S_Pistol_Shot_Cue.uasset" 215
"E:/Projects/Clowns/Content/HorrorEngine/Audio/Interactions/S_Pistol_Shot_Cue.uexp" 216
"E:/Projects/Clowns/Content/HorrorEngine/Blueprints/Structures/Gameplay/Gameplay_Equipment_Pistol.uasset" 217
"E:/Projects/Clowns/Content/HorrorEngine/Blueprints/Structures/Gameplay/Gameplay_Equipment_Pistol.uexp" 218
"E:/Projects/Clowns/Content/HorrorEngine/Audio/Interactions/S_Lighter_Flick.uasset" 219
"E:/Projects/Clowns/Content/HorrorEngine/Audio/Interactions/S_Lighter_Flick.uexp" 220
"E:/Projects/Clowns/Content/HorrorEngine/Audio/Interactions/S_Lighter_Open_02.uasset" 221
"E:/Projects/Clowns/Content/HorrorEngine/Audio/Interactions/S_Lighter_Open_02.uexp" 222
"E:/Projects/Clowns/Content/HorrorEngine/Audio/Interactions/S_Lighter_Open_03.uasset" 223
"E:/Projects/Clowns/Content/HorrorEngine/Audio/Interactions/S_Lighter_Open_03.uexp" 224
"E:/Projects/Clowns/Content/HorrorEngine/Audio/Interactions/S_Lighter_Open_04.uasset" 225
"E:/Projects/Clowns/Content/HorrorEngine/Audio/Interactions/S_Lighter_Open_04.uexp" 226
"E:/Projects/Clowns/Content/HorrorEngine/Audio/Interactions/S_Lighter_Open_01.uasset" 227
"E:/Projects/Clowns/Content/HorrorEngine/Audio/Interactions/S_Lighter_Open_01.uexp" 228
"E:/Projects/Clowns/Content/HorrorEngine/Audio/Interactions/S_Lighter_Flick_Cue.uasset" 229
"E:/Projects/Clowns/Content/HorrorEngine/Audio/Interactions/S_Lighter_Flick_Cue.uexp" 230
"E:/Projects/Clowns/Content/HorrorEngine/Blueprints/Structures/Settings/Settings_Pointlight.uasset" 231
"E:/Projects/Clowns/Content/HorrorEngine/Blueprints/Structures/Settings/Settings_Pointlight.uexp" 232
"E:/Projects/Clowns/Content/HorrorEngine/Audio/Interactions/S_Ligher_Close_03.uasset" 233
"E:/Projects/Clowns/Content/HorrorEngine/Audio/Interactions/S_Ligher_Close_03.uexp" 234
"E:/Projects/Clowns/Content/HorrorEngine/Audio/Interactions/S_Ligher_Close_02.uasset" 235
"E:/Projects/Clowns/Content/HorrorEngine/Audio/Interactions/S_Ligher_Close_02.uexp" 236
"E:/Projects/Clowns/Content/HorrorEngine/Audio/Interactions/S_Ligher_Close_01.uasset" 237
"E:/Projects/Clowns/Content/HorrorEngine/Audio/Interactions/S_Ligher_Close_01.uexp" 238
"E:/Projects/Clowns/Content/HorrorEngine/Audio/Interactions/S_Lighter_Close_Cue.uasset" 239
"E:/Projects/Clowns/Content/HorrorEngine/Audio/Interactions/S_Lighter_Close_Cue.uexp" 240
"E:/Projects/Clowns/Content/HorrorEngine/Blueprints/Structures/Gameplay/Gameplay_Equipment_Lighter.uasset" 241
"E:/Projects/Clowns/Content/HorrorEngine/Blueprints/Structures/Gameplay/Gameplay_Equipment_Lighter.uexp" 242
"E:/Projects/Clowns/Content/HorrorEngine/Textures/T_LUT_PostProcess_D.uasset" 243
"E:/Projects/Clowns/Content/HorrorEngine/Textures/T_LUT_PostProcess_D.uexp" 244
"E:/Projects/Clowns/Content/HorrorEngine/Audio/Elecronics/S_Cameroid_Shot.uasset" 245
"E:/Projects/Clowns/Content/HorrorEngine/Audio/Elecronics/S_Cameroid_Shot.uexp" 246
"E:/Projects/Clowns/Content/HorrorEngine/Blueprints/Structures/Gameplay/Gameplay_Equipment_Cameroid.uasset" 247
"E:/Projects/Clowns/Content/HorrorEngine/Blueprints/Structures/Gameplay/Gameplay_Equipment_Cameroid.uexp" 248
"E:/Projects/Clowns/Content/HorrorEngine/Audio/Elecronics/S_Beep_02.uasset" 249
"E:/Projects/Clowns/Content/HorrorEngine/Audio/Elecronics/S_Beep_02.uexp" 250
"E:/Projects/Clowns/Content/HorrorEngine/Audio/Elecronics/S_Camera_Off_Cue.uasset" 251
"E:/Projects/Clowns/Content/HorrorEngine/Audio/Elecronics/S_Camera_Off_Cue.uexp" 252
"E:/Projects/Clowns/Content/HorrorEngine/Textures/T_LUT_NightVision_D.uasset" 253
"E:/Projects/Clowns/Content/HorrorEngine/Textures/T_LUT_NightVision_D.uexp" 254
"E:/Projects/Clowns/Content/HorrorEngine/Audio/Elecronics/S_Camera_Zoom_In.uasset" 255
"E:/Projects/Clowns/Content/HorrorEngine/Audio/Elecronics/S_Camera_Zoom_In.uexp" 256
"E:/Projects/Clowns/Content/HorrorEngine/Audio/Elecronics/S_Camera_Zoom_In_Cue.uasset" 257
"E:/Projects/Clowns/Content/HorrorEngine/Audio/Elecronics/S_Camera_Zoom_In_Cue.uexp" 258
"E:/Projects/Clowns/Content/HorrorEngine/Audio/Elecronics/S_Beep_01.uasset" 259
"E:/Projects/Clowns/Content/HorrorEngine/Audio/Elecronics/S_Beep_01.uexp" 260
"E:/Projects/Clowns/Content/HorrorEngine/Audio/Elecronics/S_Camera_On_Cue.uasset" 261
"E:/Projects/Clowns/Content/HorrorEngine/Audio/Elecronics/S_Camera_On_Cue.uexp" 262
"E:/Projects/Clowns/Content/HorrorEngine/Audio/Elecronics/S_Camera_Zoom_Out.uasset" 263
"E:/Projects/Clowns/Content/HorrorEngine/Audio/Elecronics/S_Camera_Zoom_Out.uexp" 264
"E:/Projects/Clowns/Content/HorrorEngine/Audio/Elecronics/S_Camera_Zoom_Out_Cue.uasset" 265
"E:/Projects/Clowns/Content/HorrorEngine/Audio/Elecronics/S_Camera_Zoom_Out_Cue.uexp" 266
"E:/Projects/Clowns/Content/HorrorEngine/Audio/Elecronics/S_Beep_03.uasset" 267
"E:/Projects/Clowns/Content/HorrorEngine/Audio/Elecronics/S_Beep_03.uexp" 268
"E:/Projects/Clowns/Content/HorrorEngine/Audio/Elecronics/S_Camera_LowBattery.uasset" 269
"E:/Projects/Clowns/Content/HorrorEngine/Audio/Elecronics/S_Camera_LowBattery.uexp" 270
"E:/Projects/Clowns/Content/HorrorEngine/Blueprints/Structures/Gameplay/Gameplay_Equipment_Nightvision.uasset" 271
"E:/Projects/Clowns/Content/HorrorEngine/Blueprints/Structures/Gameplay/Gameplay_Equipment_Nightvision.uexp" 272
"E:/Projects/Clowns/Content/HorrorEngine/Blueprints/Structures/Gameplay/Gameplay_Equipment_Glowstick.uasset" 273
"E:/Projects/Clowns/Content/HorrorEngine/Blueprints/Structures/Gameplay/Gameplay_Equipment_Glowstick.uexp" 274
"E:/Projects/Clowns/Content/HorrorEngine/Audio/Interactions/S_FireSparks.uasset" 275
"E:/Projects/Clowns/Content/HorrorEngine/Audio/Interactions/S_FireSparks.uexp" 276
"E:/Projects/Clowns/Content/HorrorEngine/Audio/Interactions/S_FireSparks_Cue.uasset" 277
"E:/Projects/Clowns/Content/HorrorEngine/Audio/Interactions/S_FireSparks_Cue.uexp" 278
"E:/Projects/Clowns/Content/HorrorEngine/Audio/Interactions/S_Torch_Lit.uasset" 279
"E:/Projects/Clowns/Content/HorrorEngine/Audio/Interactions/S_Torch_Lit.uexp" 280
"E:/Projects/Clowns/Content/HorrorEngine/Audio/Interactions/S_Torch_Lit_Cue.uasset" 281
"E:/Projects/Clowns/Content/HorrorEngine/Audio/Interactions/S_Torch_Lit_Cue.uexp" 282
"E:/Projects/Clowns/Content/HorrorEngine/Blueprints/Structures/Gameplay/Gameplay_Equipment_Torch.uasset" 283
"E:/Projects/Clowns/Content/HorrorEngine/Blueprints/Structures/Gameplay/Gameplay_Equipment_Torch.uexp" 284
"E:/Projects/Clowns/Content/HorrorEngine/Blueprints/Structures/Gameplay/Gameplay_Equipment.uasset" 285
"E:/Projects/Clowns/Content/HorrorEngine/Blueprints/Structures/Gameplay/Gameplay_Equipment.uexp" 286
"E:/Projects/Clowns/Content/HorrorEngine/Audio/Voices/S_Damage_01.uasset" 287
"E:/Projects/Clowns/Content/HorrorEngine/Audio/Voices/S_Damage_01.uexp" 288
"E:/Projects/Clowns/Content/HorrorEngine/Audio/Voices/S_Damage_02.uasset" 289
"E:/Projects/Clowns/Content/HorrorEngine/Audio/Voices/S_Damage_02.uexp" 290
"E:/Projects/Clowns/Content/HorrorEngine/Audio/Voices/S_Damage_05.uasset" 291
"E:/Projects/Clowns/Content/HorrorEngine/Audio/Voices/S_Damage_05.uexp" 292
"E:/Projects/Clowns/Content/HorrorEngine/Audio/Voices/S_Damage_06.uasset" 293
"E:/Projects/Clowns/Content/HorrorEngine/Audio/Voices/S_Damage_06.uexp" 294
"E:/Projects/Clowns/Content/HorrorEngine/Audio/Voices/S_Damage_04.uasset" 295
"E:/Projects/Clowns/Content/HorrorEngine/Audio/Voices/S_Damage_04.uexp" 296
"E:/Projects/Clowns/Content/HorrorEngine/Audio/Voices/S_Damage_03.uasset" 297
"E:/Projects/Clowns/Content/HorrorEngine/Audio/Voices/S_Damage_03.uexp" 298
"E:/Projects/Clowns/Content/HorrorEngine/Audio/Voices/S_Damage_Cue.uasset" 299
"E:/Projects/Clowns/Content/HorrorEngine/Audio/Voices/S_Damage_Cue.uexp" 300
"E:/Projects/Clowns/Content/HorrorEngine/Audio/Voices/S_Fear_04.uasset" 301
"E:/Projects/Clowns/Content/HorrorEngine/Audio/Voices/S_Fear_04.uexp" 302
"E:/Projects/Clowns/Content/HorrorEngine/Audio/Voices/S_Fear_01.uasset" 303
"E:/Projects/Clowns/Content/HorrorEngine/Audio/Voices/S_Fear_01.uexp" 304
"E:/Projects/Clowns/Content/HorrorEngine/Audio/Voices/S_Fear_05.uasset" 305
"E:/Projects/Clowns/Content/HorrorEngine/Audio/Voices/S_Fear_05.uexp" 306
"E:/Projects/Clowns/Content/HorrorEngine/Audio/Voices/S_Fear_03.uasset" 307
"E:/Projects/Clowns/Content/HorrorEngine/Audio/Voices/S_Fear_03.uexp" 308
"E:/Projects/Clowns/Content/HorrorEngine/Audio/Effects/S_Heartbeat.uasset" 309
"E:/Projects/Clowns/Content/HorrorEngine/Audio/Effects/S_Heartbeat.uexp" 310
"E:/Projects/Clowns/Content/HorrorEngine/Audio/Voices/S_Fear_02.uasset" 311
"E:/Projects/Clowns/Content/HorrorEngine/Audio/Voices/S_Fear_02.uexp" 312
"E:/Projects/Clowns/Content/HorrorEngine/Audio/Voices/S_Fear_06.uasset" 313
"E:/Projects/Clowns/Content/HorrorEngine/Audio/Voices/S_Fear_06.uexp" 314
"E:/Projects/Clowns/Content/HorrorEngine/Audio/Voices/S_Fear_Cue.uasset" 315
"E:/Projects/Clowns/Content/HorrorEngine/Audio/Voices/S_Fear_Cue.uexp" 316
"E:/Projects/Clowns/Content/HorrorEngine/Audio/Voices/S_Death_03.uasset" 317
"E:/Projects/Clowns/Content/HorrorEngine/Audio/Voices/S_Death_03.uexp" 318
"E:/Projects/Clowns/Content/HorrorEngine/Audio/Voices/S_Death_02.uasset" 319
"E:/Projects/Clowns/Content/HorrorEngine/Audio/Voices/S_Death_02.uexp" 320
"E:/Projects/Clowns/Content/HorrorEngine/Audio/Voices/S_Death_01.uasset" 321
"E:/Projects/Clowns/Content/HorrorEngine/Audio/Voices/S_Death_01.uexp" 322
"E:/Projects/Clowns/Content/HorrorEngine/Audio/Voices/S_Death_Cue.uasset" 323
"E:/Projects/Clowns/Content/HorrorEngine/Audio/Voices/S_Death_Cue.uexp" 324
"E:/Projects/Clowns/Content/HorrorEngine/Audio/Effects/S_YouAreDead.uasset" 325
"E:/Projects/Clowns/Content/HorrorEngine/Audio/Effects/S_YouAreDead.uexp" 326
"E:/Projects/Clowns/Content/HorrorEngine/Audio/Effects/S_YouAreDead_Cue.uasset" 327
"E:/Projects/Clowns/Content/HorrorEngine/Audio/Effects/S_YouAreDead_Cue.uexp" 328
"E:/Projects/Clowns/Content/HorrorEngine/Blueprints/Structures/Gameplay/Gameplay_Player.uasset" 329
"E:/Projects/Clowns/Content/HorrorEngine/Blueprints/Structures/Gameplay/Gameplay_Player.uexp" 330
"E:/Projects/Clowns/Content/HorrorEngine/Audio/Footsteps/S_FT_Dirt_01.uasset" 331
"E:/Projects/Clowns/Content/HorrorEngine/Audio/Footsteps/S_FT_Dirt_01.uexp" 332
"E:/Projects/Clowns/Content/HorrorEngine/Audio/Footsteps/S_FT_Dirt_03.uasset" 333
"E:/Projects/Clowns/Content/HorrorEngine/Audio/Footsteps/S_FT_Dirt_03.uexp" 334
"E:/Projects/Clowns/Content/HorrorEngine/Audio/Footsteps/S_FT_Dirt_04.uasset" 335
"E:/Projects/Clowns/Content/HorrorEngine/Audio/Footsteps/S_FT_Dirt_04.uexp" 336
"E:/Projects/Clowns/Content/HorrorEngine/Audio/Footsteps/S_FT_Dirt_02.uasset" 337
"E:/Projects/Clowns/Content/HorrorEngine/Audio/Footsteps/S_FT_Dirt_02.uexp" 338
"E:/Projects/Clowns/Content/HorrorEngine/Audio/Footsteps/S_FT_Dirt_Cue.uasset" 339
"E:/Projects/Clowns/Content/HorrorEngine/Audio/Footsteps/S_FT_Dirt_Cue.uexp" 340
"E:/Projects/Clowns/Content/HorrorEngine/Audio/Footsteps/S_FT_Tile_02.uasset" 341
"E:/Projects/Clowns/Content/HorrorEngine/Audio/Footsteps/S_FT_Tile_02.uexp" 342
"E:/Projects/Clowns/Content/HorrorEngine/Audio/Footsteps/S_FT_Tile_01.uasset" 343
"E:/Projects/Clowns/Content/HorrorEngine/Audio/Footsteps/S_FT_Tile_01.uexp" 344
"E:/Projects/Clowns/Content/HorrorEngine/Audio/Footsteps/S_FT_Tile_03.uasset" 345
"E:/Projects/Clowns/Content/HorrorEngine/Audio/Footsteps/S_FT_Tile_03.uexp" 346
"E:/Projects/Clowns/Content/HorrorEngine/Audio/Footsteps/S_FT_Tile_04.uasset" 347
"E:/Projects/Clowns/Content/HorrorEngine/Audio/Footsteps/S_FT_Tile_04.uexp" 348
"E:/Projects/Clowns/Content/HorrorEngine/Audio/Footsteps/S_FT_Tile_Cue.uasset" 349
"E:/Projects/Clowns/Content/HorrorEngine/Audio/Footsteps/S_FT_Tile_Cue.uexp" 350
"E:/Projects/Clowns/Content/HorrorEngine/Audio/Elecronics/S_Cameroid_Shot_Cue.uasset" 351
"E:/Projects/Clowns/Content/HorrorEngine/Audio/Elecronics/S_Cameroid_Shot_Cue.uexp" 352
"E:/Projects/Clowns/Content/HorrorEngine/Audio/Footsteps/S_FT_Carpet_01.uasset" 353
"E:/Projects/Clowns/Content/HorrorEngine/Audio/Footsteps/S_FT_Carpet_01.uexp" 354
"E:/Projects/Clowns/Content/HorrorEngine/Audio/Footsteps/S_FT_Carpet_02.uasset" 355
"E:/Projects/Clowns/Content/HorrorEngine/Audio/Footsteps/S_FT_Carpet_02.uexp" 356
"E:/Projects/Clowns/Content/HorrorEngine/Audio/Footsteps/S_FT_Carpet_03.uasset" 357
"E:/Projects/Clowns/Content/HorrorEngine/Audio/Footsteps/S_FT_Carpet_03.uexp" 358
"E:/Projects/Clowns/Content/HorrorEngine/Audio/Footsteps/S_FT_Carpet_04.uasset" 359
"E:/Projects/Clowns/Content/HorrorEngine/Audio/Footsteps/S_FT_Carpet_04.uexp" 360
"E:/Projects/Clowns/Content/HorrorEngine/Audio/Footsteps/S_FT_Carpet_Cue.uasset" 361
"E:/Projects/Clowns/Content/HorrorEngine/Audio/Footsteps/S_FT_Carpet_Cue.uexp" 362
"E:/Projects/Clowns/Content/HorrorEngine/Audio/Footsteps/S_FT_Wood_03.uasset" 363
"E:/Projects/Clowns/Content/HorrorEngine/Audio/Footsteps/S_FT_Wood_03.uexp" 364
"E:/Projects/Clowns/Content/HorrorEngine/Audio/Footsteps/S_FT_Wood_01.uasset" 365
"E:/Projects/Clowns/Content/HorrorEngine/Audio/Footsteps/S_FT_Wood_01.uexp" 366
"E:/Projects/Clowns/Content/HorrorEngine/Audio/Footsteps/S_FT_Wood_04.uasset" 367
"E:/Projects/Clowns/Content/HorrorEngine/Audio/Footsteps/S_FT_Wood_04.uexp" 368
"E:/Projects/Clowns/Content/HorrorEngine/Audio/Footsteps/S_FT_Wood_02.uasset" 369
"E:/Projects/Clowns/Content/HorrorEngine/Audio/Footsteps/S_FT_Wood_02.uexp" 370
"E:/Projects/Clowns/Content/HorrorEngine/Audio/Footsteps/S_FT_Wood_Cue.uasset" 371
"E:/Projects/Clowns/Content/HorrorEngine/Audio/Footsteps/S_FT_Wood_Cue.uexp" 372
"E:/Projects/Clowns/Content/HorrorEngine/Audio/Footsteps/S_FT_Dirt_Jump.uasset" 373
"E:/Projects/Clowns/Content/HorrorEngine/Audio/Footsteps/S_FT_Dirt_Jump.uexp" 374
"E:/Projects/Clowns/Content/HorrorEngine/Audio/Footsteps/S_FT_Dirt_Jump_Cue.uasset" 375
"E:/Projects/Clowns/Content/HorrorEngine/Audio/Footsteps/S_FT_Dirt_Jump_Cue.uexp" 376
"E:/Projects/Clowns/Content/HorrorEngine/Audio/Footsteps/S_FT_Grass_02.uasset" 377
"E:/Projects/Clowns/Content/HorrorEngine/Audio/Footsteps/S_FT_Grass_02.uexp" 378
"E:/Projects/Clowns/Content/HorrorEngine/Audio/Footsteps/S_FT_Grass_03.uasset" 379
"E:/Projects/Clowns/Content/HorrorEngine/Audio/Footsteps/S_FT_Grass_03.uexp" 380
"E:/Projects/Clowns/Content/HorrorEngine/Audio/Footsteps/S_FT_Grass_04.uasset" 381
"E:/Projects/Clowns/Content/HorrorEngine/Audio/Footsteps/S_FT_Grass_04.uexp" 382
"E:/Projects/Clowns/Content/HorrorEngine/Audio/Footsteps/S_FT_Grass_01.uasset" 383
"E:/Projects/Clowns/Content/HorrorEngine/Audio/Footsteps/S_FT_Grass_01.uexp" 384
"E:/Projects/Clowns/Content/HorrorEngine/Audio/Footsteps/S_FT_Grass_Cue.uasset" 385
"E:/Projects/Clowns/Content/HorrorEngine/Audio/Footsteps/S_FT_Grass_Cue.uexp" 386
"E:/Projects/Clowns/Content/HorrorEngine/Audio/Footsteps/S_FT_Metal_Jump.uasset" 387
"E:/Projects/Clowns/Content/HorrorEngine/Audio/Footsteps/S_FT_Metal_Jump.uexp" 388
"E:/Projects/Clowns/Content/HorrorEngine/Audio/Footsteps/S_FT_Metal_Jump_Cue.uasset" 389
"E:/Projects/Clowns/Content/HorrorEngine/Audio/Footsteps/S_FT_Metal_Jump_Cue.uexp" 390
"E:/Projects/Clowns/Content/HorrorEngine/Audio/Footsteps/S_FT_Wood_Jump.uasset" 391
"E:/Projects/Clowns/Content/HorrorEngine/Audio/Footsteps/S_FT_Wood_Jump.uexp" 392
"E:/Projects/Clowns/Content/HorrorEngine/Audio/Footsteps/S_FT_Wood_Jump_Cue.uasset" 393
"E:/Projects/Clowns/Content/HorrorEngine/Audio/Footsteps/S_FT_Wood_Jump_Cue.uexp" 394
"E:/Projects/Clowns/Content/HorrorEngine/Audio/Footsteps/S_FT_Metal_01.uasset" 395
"E:/Projects/Clowns/Content/HorrorEngine/Audio/Footsteps/S_FT_Metal_01.uexp" 396
"E:/Projects/Clowns/Content/HorrorEngine/Audio/Footsteps/S_FT_Metal_04.uasset" 397
"E:/Projects/Clowns/Content/HorrorEngine/Audio/Footsteps/S_FT_Metal_04.uexp" 398
"E:/Projects/Clowns/Content/HorrorEngine/Audio/Footsteps/S_FT_Metal_03.uasset" 399
"E:/Projects/Clowns/Content/HorrorEngine/Audio/Footsteps/S_FT_Metal_03.uexp" 400
"E:/Projects/Clowns/Content/HorrorEngine/Audio/Footsteps/S_FT_Metal_02.uasset" 401
"E:/Projects/Clowns/Content/HorrorEngine/Audio/Footsteps/S_FT_Metal_02.uexp" 402
"E:/Projects/Clowns/Content/HorrorEngine/Audio/Footsteps/S_FT_Metal_Cue.uasset" 403
"E:/Projects/Clowns/Content/HorrorEngine/Audio/Footsteps/S_FT_Metal_Cue.uexp" 404
"E:/Projects/Clowns/Content/HorrorEngine/Audio/Footsteps/S_FT_Grass_Jump.uasset" 405
"E:/Projects/Clowns/Content/HorrorEngine/Audio/Footsteps/S_FT_Grass_Jump.uexp" 406
"E:/Projects/Clowns/Content/HorrorEngine/Audio/Footsteps/S_FT_Grass_Jump_Cue.uasset" 407
"E:/Projects/Clowns/Content/HorrorEngine/Audio/Footsteps/S_FT_Grass_Jump_Cue.uexp" 408
"E:/Projects/Clowns/Content/HorrorEngine/Audio/Footsteps/S_FT_Rock_04.uasset" 409
"E:/Projects/Clowns/Content/HorrorEngine/Audio/Footsteps/S_FT_Rock_04.uexp" 410
"E:/Projects/Clowns/Content/HorrorEngine/Audio/Footsteps/S_FT_Rock_03.uasset" 411
"E:/Projects/Clowns/Content/HorrorEngine/Audio/Footsteps/S_FT_Rock_03.uexp" 412
"E:/Projects/Clowns/Content/HorrorEngine/Audio/Footsteps/S_FT_Rock_01.uasset" 413
"E:/Projects/Clowns/Content/HorrorEngine/Audio/Footsteps/S_FT_Rock_01.uexp" 414
"E:/Projects/Clowns/Content/HorrorEngine/Audio/Footsteps/S_FT_Rock_02.uasset" 415
"E:/Projects/Clowns/Content/HorrorEngine/Audio/Footsteps/S_FT_Rock_02.uexp" 416
"E:/Projects/Clowns/Content/HorrorEngine/Audio/Footsteps/S_FT_Rock_Cue.uasset" 417
"E:/Projects/Clowns/Content/HorrorEngine/Audio/Footsteps/S_FT_Rock_Cue.uexp" 418
"E:/Projects/Clowns/Content/HorrorEngine/Audio/Footsteps/S_FT_Rock_Jump.uasset" 419
"E:/Projects/Clowns/Content/HorrorEngine/Audio/Footsteps/S_FT_Rock_Jump.uexp" 420
"E:/Projects/Clowns/Content/HorrorEngine/Audio/Footsteps/S_FT_Rock_Jump_Cue.uasset" 421
"E:/Projects/Clowns/Content/HorrorEngine/Audio/Footsteps/S_FT_Rock_Jump_Cue.uexp" 422
"E:/Projects/Clowns/Content/HorrorEngine/Audio/Footsteps/S_FT_Tile_Jump.uasset" 423
"E:/Projects/Clowns/Content/HorrorEngine/Audio/Footsteps/S_FT_Tile_Jump.uexp" 424
"E:/Projects/Clowns/Content/HorrorEngine/Audio/Footsteps/S_FT_Tile_Jump_Cue.uasset" 425
"E:/Projects/Clowns/Content/HorrorEngine/Audio/Footsteps/S_FT_Tile_Jump_Cue.uexp" 426
"E:/Projects/Clowns/Content/HorrorEngine/Audio/Footsteps/S_FT_Carpet_Jump.uasset" 427
"E:/Projects/Clowns/Content/HorrorEngine/Audio/Footsteps/S_FT_Carpet_Jump.uexp" 428
"E:/Projects/Clowns/Content/HorrorEngine/Audio/Footsteps/S_FT_Carpet_Jump_Cue.uasset" 429
"E:/Projects/Clowns/Content/HorrorEngine/Audio/Footsteps/S_FT_Carpet_Jump_Cue.uexp" 430
"E:/Projects/Clowns/Content/HorrorEngine/Blueprints/HE_GameplaySettings.uasset" 431
"E:/Projects/Clowns/Content/HorrorEngine/Blueprints/HE_GameplaySettings.uexp" 432
"E:/Projects/Clowns/Content/HorrorEngine/Textures/HUD/RT_InventoryCapture.uasset" 433
"E:/Projects/Clowns/Content/HorrorEngine/Textures/HUD/RT_InventoryCapture.uexp" 434
"E:/Projects/Clowns/Content/HorrorEngine/Input/HE_Equip.uasset" 435
"E:/Projects/Clowns/Content/HorrorEngine/Input/HE_Equip.uexp" 436
"E:/Projects/Clowns/Content/HorrorEngine/Input/HE_Use.uasset" 437
"E:/Projects/Clowns/Content/HorrorEngine/Input/HE_Use.uexp" 438
"E:/Projects/Clowns/Content/HorrorEngine/Input/HE_Pan.uasset" 439
"E:/Projects/Clowns/Content/HorrorEngine/Input/HE_Pan.uexp" 440
"E:/Projects/Clowns/Content/HorrorEngine/Textures/HUD/Icon_Input_Tab.uasset" 441
"E:/Projects/Clowns/Content/HorrorEngine/Textures/HUD/Icon_Input_Tab.uexp" 442
"E:/Projects/Clowns/Content/HorrorEngine/Textures/HUD/Icon_Input_RMMB.uasset" 443
"E:/Projects/Clowns/Content/HorrorEngine/Textures/HUD/Icon_Input_RMMB.uexp" 444
"E:/Projects/Clowns/Content/HorrorEngine/Textures/HUD/Icon_Input_MMB.uasset" 445
"E:/Projects/Clowns/Content/HorrorEngine/Textures/HUD/Icon_Input_MMB.uexp" 446
"E:/Projects/Clowns/Content/HorrorEngine/Blueprints/Enums/E_StorageTypeEnum.uasset" 447
"E:/Projects/Clowns/Content/HorrorEngine/Blueprints/Enums/E_StorageTypeEnum.uexp" 448
"E:/Projects/Clowns/Content/HorrorEngine/Textures/HUD/Icon_Input_LMB.uasset" 449
"E:/Projects/Clowns/Content/HorrorEngine/Textures/HUD/Icon_Input_LMB.uexp" 450
"E:/Projects/Clowns/Content/HorrorEngine/Blueprints/Structures/Settings/Settings_Inventory.uasset" 451
"E:/Projects/Clowns/Content/HorrorEngine/Blueprints/Structures/Settings/Settings_Inventory.uexp" 452
"E:/Projects/Clowns/Content/HorrorEngine/Audio/Interactions/S_Take_Default.uasset" 453
"E:/Projects/Clowns/Content/HorrorEngine/Audio/Interactions/S_Take_Default.uexp" 454
"E:/Projects/Clowns/Content/HorrorEngine/Audio/Interactions/S_Take_Default_Cue.uasset" 455
"E:/Projects/Clowns/Content/HorrorEngine/Audio/Interactions/S_Take_Default_Cue.uexp" 456
"E:/Projects/Clowns/Content/HorrorEngine/Textures/HUD/Icon_VHS.uasset" 457
"E:/Projects/Clowns/Content/HorrorEngine/Textures/HUD/Icon_VHS.uexp" 458
"E:/Projects/Clowns/Content/HorrorEngine/Blueprints/Enums/E_InventoryActors.uasset" 459
"E:/Projects/Clowns/Content/HorrorEngine/Blueprints/Enums/E_InventoryActors.uexp" 460
"E:/Projects/Clowns/Content/HorrorEngine/Textures/T_VHS_Empty_D.uasset" 461
"E:/Projects/Clowns/Content/HorrorEngine/Textures/T_VHS_Empty_D.uexp" 462
"E:/Projects/Clowns/Content/HorrorEngine/Textures/T_VHS_N.uasset" 463
"E:/Projects/Clowns/Content/HorrorEngine/Textures/T_VHS_N.uexp" 464
"E:/Projects/Clowns/Content/HorrorEngine/Textures/T_Brick_Var_D.uasset" 465
"E:/Projects/Clowns/Content/HorrorEngine/Textures/T_Brick_Var_D.uexp" 466
"E:/Projects/Clowns/Content/HorrorEngine/Textures/T_Empty_White_D.ubulk" 467
"E:/Projects/Clowns/Content/HorrorEngine/Textures/T_Empty_White_D.uasset" 468
"E:/Projects/Clowns/Content/HorrorEngine/Textures/T_Empty_White_D.uexp" 469
"E:/Projects/Clowns/Content/HorrorEngine/Textures/T_Empty_N.ubulk" 470
"E:/Projects/Clowns/Content/HorrorEngine/Textures/T_Empty_N.uasset" 471
"E:/Projects/Clowns/Content/HorrorEngine/Textures/T_Empty_N.uexp" 472
"E:/Projects/Clowns/Content/HorrorEngine/Materials/M_Master.uasset" 473
"E:/Projects/Clowns/Content/HorrorEngine/Materials/M_Master.uexp" 474
"E:/Projects/Clowns/Content/HorrorEngine/Materials/MaterialInstances/MI_VHS.uasset" 475
"E:/Projects/Clowns/Content/HorrorEngine/Materials/MaterialInstances/MI_VHS.uexp" 476
"E:/Projects/Clowns/Content/HorrorEngine/Meshes/VHS_SM.ubulk" 477
"E:/Projects/Clowns/Content/HorrorEngine/Meshes/VHS_SM.uasset" 478
"E:/Projects/Clowns/Content/HorrorEngine/Meshes/VHS_SM.uexp" 479
"E:/Projects/Clowns/Content/HorrorEngine/Blueprints/Structures/HorrorEvent/HE_SubtitleSub.uasset" 480
"E:/Projects/Clowns/Content/HorrorEngine/Blueprints/Structures/HorrorEvent/HE_SubtitleSub.uexp" 481
"E:/Projects/Clowns/Content/HorrorEngine/Blueprints/Structures/HorrorEvent/HE_Subtitle.uasset" 482
"E:/Projects/Clowns/Content/HorrorEngine/Blueprints/Structures/HorrorEvent/HE_Subtitle.uexp" 483
"E:/Projects/Clowns/Content/HorrorEngine/Blueprints/Structures/HorrorEvent/HE_SubtitleSeq.uasset" 484
"E:/Projects/Clowns/Content/HorrorEngine/Blueprints/Structures/HorrorEvent/HE_SubtitleSeq.uexp" 485
"E:/Projects/Clowns/Content/HorrorEngine/Blueprints/Structures/HorrorEvent/HE_Subtitles.uasset" 486
"E:/Projects/Clowns/Content/HorrorEngine/Blueprints/Structures/HorrorEvent/HE_Subtitles.uexp" 487
"E:/Projects/Clowns/Content/HorrorEngine/Blueprints/Structures/HorrorEvent/HE_2DSound.uasset" 488
"E:/Projects/Clowns/Content/HorrorEngine/Blueprints/Structures/HorrorEvent/HE_2DSound.uexp" 489
"E:/Projects/Clowns/Content/HorrorEngine/Blueprints/Structures/HorrorEvent/HE_AmbientSound.uasset" 490
"E:/Projects/Clowns/Content/HorrorEngine/Blueprints/Structures/HorrorEvent/HE_AmbientSound.uexp" 491
"E:/Projects/Clowns/Content/HorrorEngine/Blueprints/Structures/HorrorEvent/HE_StopAmbientSound.uasset" 492
"E:/Projects/Clowns/Content/HorrorEngine/Blueprints/Structures/HorrorEvent/HE_StopAmbientSound.uexp" 493
"E:/Projects/Clowns/Content/HorrorEngine/Blueprints/Structures/HorrorEvent/HE_3DSound.uasset" 494
"E:/Projects/Clowns/Content/HorrorEngine/Blueprints/Structures/HorrorEvent/HE_3DSound.uexp" 495
"E:/Projects/Clowns/Content/HorrorEngine/Blueprints/Structures/HorrorEvent/HE_Sounds.uasset" 496
"E:/Projects/Clowns/Content/HorrorEngine/Blueprints/Structures/HorrorEvent/HE_Sounds.uexp" 497
"E:/Projects/Clowns/Content/HorrorEngine/Blueprints/Enums/E_AttachmentRules.uasset" 498
"E:/Projects/Clowns/Content/HorrorEngine/Blueprints/Enums/E_AttachmentRules.uexp" 499
"E:/Projects/Clowns/Content/HorrorEngine/Blueprints/Structures/HorrorEvent/HE_SpawnActorsAttach.uasset" 500
"E:/Projects/Clowns/Content/HorrorEngine/Blueprints/Structures/HorrorEvent/HE_SpawnActorsAttach.uexp" 501
"E:/Projects/Clowns/Content/HorrorEngine/Blueprints/Structures/HorrorEvent/HE_SpawnActors.uasset" 502
"E:/Projects/Clowns/Content/HorrorEngine/Blueprints/Structures/HorrorEvent/HE_SpawnActors.uexp" 503
"E:/Projects/Clowns/Content/HorrorEngine/Blueprints/Structures/HorrorEvent/HE_ActorTransformsSeq.uasset" 504
"E:/Projects/Clowns/Content/HorrorEngine/Blueprints/Structures/HorrorEvent/HE_ActorTransformsSeq.uexp" 505
"E:/Projects/Clowns/Content/HorrorEngine/Blueprints/Structures/HorrorEvent/HE_ActorTransforms.uasset" 506
"E:/Projects/Clowns/Content/HorrorEngine/Blueprints/Structures/HorrorEvent/HE_ActorTransforms.uexp" 507
"E:/Projects/Clowns/Content/HorrorEngine/Blueprints/Enums/E_HorrorEventInteractions.uasset" 508
"E:/Projects/Clowns/Content/HorrorEngine/Blueprints/Enums/E_HorrorEventInteractions.uexp" 509
"E:/Projects/Clowns/Content/HorrorEngine/Blueprints/Structures/HorrorEvent/HE_UnloadStream.uasset" 510
"E:/Projects/Clowns/Content/HorrorEngine/Blueprints/Structures/HorrorEvent/HE_UnloadStream.uexp" 511
"E:/Projects/Clowns/Content/HorrorEngine/Textures/HUD/IMG_Subtitle.uasset" 512
"E:/Projects/Clowns/Content/HorrorEngine/Textures/HUD/IMG_Subtitle.uexp" 513
"E:/Projects/Clowns/Content/HorrorEngine/Blueprints/Widgets/MainHUD/SubtitleText_WB.uasset" 514
"E:/Projects/Clowns/Content/HorrorEngine/Blueprints/Widgets/MainHUD/SubtitleText_WB.uexp" 515
"../../../Engine/Content/EditorBlueprintResources/StandardMacros.uasset" 516
"../../../Engine/Content/EditorBlueprintResources/StandardMacros.uexp" 517
"E:/Projects/Clowns/Content/HorrorEngine/Blueprints/Widgets/MainHUD/Subtitle_WB.uasset" 518
"E:/Projects/Clowns/Content/HorrorEngine/Blueprints/Widgets/MainHUD/Subtitle_WB.uexp" 519
"E:/Projects/Clowns/Content/HorrorEngine/Blueprints/Enums/E_EquipLight.uasset" 520
"E:/Projects/Clowns/Content/HorrorEngine/Blueprints/Enums/E_EquipLight.uexp" 521
"E:/Projects/Clowns/Content/HorrorEngine/Blueprints/Enums/E_EquipWeapon.uasset" 522
"E:/Projects/Clowns/Content/HorrorEngine/Blueprints/Enums/E_EquipWeapon.uexp" 523
"E:/Projects/Clowns/Content/HorrorEngine/Blueprints/Structures/HorrorEvent/HE_Equip.uasset" 524
"E:/Projects/Clowns/Content/HorrorEngine/Blueprints/Structures/HorrorEvent/HE_Equip.uexp" 525
"E:/Projects/Clowns/Content/HorrorEngine/Blueprints/Structures/HorrorEvent/HE_LookAtActorSeq.uasset" 526
"E:/Projects/Clowns/Content/HorrorEngine/Blueprints/Structures/HorrorEvent/HE_LookAtActorSeq.uexp" 527
"E:/Projects/Clowns/Content/HorrorEngine/Blueprints/Structures/HorrorEvent/HE_LookAtActor.uasset" 528
"E:/Projects/Clowns/Content/HorrorEngine/Blueprints/Structures/HorrorEvent/HE_LookAtActor.uexp" 529
"E:/Projects/Clowns/Content/HorrorEngine/Blueprints/Structures/HorrorEvent/HE_Glitch.uasset" 530
"E:/Projects/Clowns/Content/HorrorEngine/Blueprints/Structures/HorrorEvent/HE_Glitch.uexp" 531
"E:/Projects/Clowns/Content/HorrorEngine/Blueprints/Structures/HorrorEvent/HE_UpdateQuest.uasset" 532
"E:/Projects/Clowns/Content/HorrorEngine/Blueprints/Structures/HorrorEvent/HE_UpdateQuest.uexp" 533
"E:/Projects/Clowns/Content/HorrorEngine/Blueprints/Structures/HorrorEvent/HE_Quests.uasset" 534
"E:/Projects/Clowns/Content/HorrorEngine/Blueprints/Structures/HorrorEvent/HE_Quests.uexp" 535
"E:/Projects/Clowns/Content/HorrorEngine/Blueprints/Structures/HorrorEvent/HE_OpenLevel.uasset" 536
"E:/Projects/Clowns/Content/HorrorEngine/Blueprints/Structures/HorrorEvent/HE_OpenLevel.uexp" 537
"E:/Projects/Clowns/Content/HorrorEngine/Blueprints/Structures/HorrorEvent/HE_Fear.uasset" 538
"E:/Projects/Clowns/Content/HorrorEngine/Blueprints/Structures/HorrorEvent/HE_Fear.uexp" 539
"E:/Projects/Clowns/Content/HorrorEngine/Textures/HUD/Icon_Use.uasset" 540
"E:/Projects/Clowns/Content/HorrorEngine/Textures/HUD/Icon_Use.uexp" 541
"E:/Projects/Clowns/Content/HorrorEngine/Textures/HUD/IMG_TransitionSolid.uasset" 542
"E:/Projects/Clowns/Content/HorrorEngine/Textures/HUD/IMG_TransitionSolid.uexp" 543
"E:/Projects/Clowns/Content/HorrorEngine/Textures/HUD/Icon_Health.uasset" 544
"E:/Projects/Clowns/Content/HorrorEngine/Textures/HUD/Icon_Health.uexp" 545
"E:/Projects/Clowns/Content/HorrorEngine/Blueprints/Widgets/Fonts/HorrorEngine_Regular.uexp" 546
"E:/Projects/Clowns/Content/HorrorEngine/Blueprints/Widgets/Fonts/HorrorEngine_Regular.uasset" 547
"E:/Projects/Clowns/Content/HorrorEngine/Blueprints/Widgets/Fonts/HorrorEngine_Regular.ufont" 548
"E:/Projects/Clowns/Content/HorrorEngine/Blueprints/Widgets/Fonts/HorrorEngine_Bold.uexp" 549
"E:/Projects/Clowns/Content/HorrorEngine/Blueprints/Widgets/Fonts/HorrorEngine_Bold.uasset" 550
"E:/Projects/Clowns/Content/HorrorEngine/Blueprints/Widgets/Fonts/HorrorEngine_Bold.ufont" 551
"E:/Projects/Clowns/Content/HorrorEngine/Blueprints/Widgets/Fonts/HorrorEngine_Font.uasset" 552
"E:/Projects/Clowns/Content/HorrorEngine/Blueprints/Widgets/Fonts/HorrorEngine_Font.uexp" 553
"E:/Projects/Clowns/Content/HorrorEngine/Blueprints/Widgets/MainHUD/Health_WB.uasset" 554
"E:/Projects/Clowns/Content/HorrorEngine/Blueprints/Widgets/MainHUD/Health_WB.uexp" 555
"E:/Projects/Clowns/Content/HorrorEngine/Audio/Effects/S_Glitch.uasset" 556
"E:/Projects/Clowns/Content/HorrorEngine/Audio/Effects/S_Glitch.uexp" 557
"E:/Projects/Clowns/Content/HorrorEngine/Audio/Effects/S_Glitch_Cue.uasset" 558
"E:/Projects/Clowns/Content/HorrorEngine/Audio/Effects/S_Glitch_Cue.uexp" 559
"E:/Projects/Clowns/Content/HorrorEngine/Textures/HUD/IMG_YouDied.uasset" 560
"E:/Projects/Clowns/Content/HorrorEngine/Textures/HUD/IMG_YouDied.uexp" 561
"E:/Projects/Clowns/Content/HorrorEngine/Textures/HUD/IMG_Damage.uasset" 562
"E:/Projects/Clowns/Content/HorrorEngine/Textures/HUD/IMG_Damage.uexp" 563
"../../../Engine/Content/Functions/Engine_MaterialFunctions02/ExampleContent/DebugNumberStrip.uasset" 564
"../../../Engine/Content/Functions/Engine_MaterialFunctions02/ExampleContent/DebugNumberStrip.uexp" 565
"../../../Engine/Content/Functions/Engine_MaterialFunctions01/Texturing/ComputeMipLevel.uasset" 566
"../../../Engine/Content/Functions/Engine_MaterialFunctions01/Texturing/ComputeMipLevel.uexp" 567
"../../../Engine/Content/EngineMaterials/DefaultDiffuse.ubulk" 568
"../../../Engine/Content/EngineMaterials/DefaultDiffuse.uasset" 569
"../../../Engine/Content/EngineMaterials/DefaultDiffuse.uexp" 570
"../../../Engine/Content/Functions/Engine_MaterialFunctions01/Texturing/TextureCropping.uasset" 571
"../../../Engine/Content/Functions/Engine_MaterialFunctions01/Texturing/TextureCropping.uexp" 572
"../../../Engine/Content/Functions/Engine_MaterialFunctions02/ExampleContent/Textures/DebugNumberPeriod.uasset" 573
"../../../Engine/Content/Functions/Engine_MaterialFunctions02/ExampleContent/Textures/DebugNumberPeriod.uexp" 574
"../../../Engine/Content/Functions/Engine_MaterialFunctions02/Utility/DebugScalarValues.uasset" 575
"../../../Engine/Content/Functions/Engine_MaterialFunctions02/Utility/DebugScalarValues.uexp" 576
"../../../Engine/Content/Functions/Engine_MaterialFunctions02/Utility/BreakOutFloat2Components.uasset" 577
"../../../Engine/Content/Functions/Engine_MaterialFunctions02/Utility/BreakOutFloat2Components.uexp" 578
"../../../Engine/Content/Functions/Engine_MaterialFunctions02/Utility/DebugFloat2Values.uasset" 579
"../../../Engine/Content/Functions/Engine_MaterialFunctions02/Utility/DebugFloat2Values.uexp" 580
"../../../Engine/Content/Functions/Engine_MaterialFunctions02/ExampleContent/Textures/flipbook.ubulk" 581
"../../../Engine/Content/Functions/Engine_MaterialFunctions02/ExampleContent/Textures/flipbook.uasset" 582
"../../../Engine/Content/Functions/Engine_MaterialFunctions02/ExampleContent/Textures/flipbook.uexp" 583
"../../../Engine/Content/Functions/Engine_MaterialFunctions02/Texturing/FlipBook.uasset" 584
"../../../Engine/Content/Functions/Engine_MaterialFunctions02/Texturing/FlipBook.uexp" 585
"E:/Projects/Clowns/Content/HorrorEngine/Textures/T_Glitch_D.uasset" 586
"E:/Projects/Clowns/Content/HorrorEngine/Textures/T_Glitch_D.uexp" 587
"E:/Projects/Clowns/Content/HorrorEngine/Materials/M_Glitch.uasset" 588
"E:/Projects/Clowns/Content/HorrorEngine/Materials/M_Glitch.uexp" 589
"E:/Projects/Clowns/Content/HorrorEngine/Blueprints/Structures/HorrorEvent/HE_DamageOpt.uasset" 590
"E:/Projects/Clowns/Content/HorrorEngine/Blueprints/Structures/HorrorEvent/HE_DamageOpt.uexp" 591
"E:/Projects/Clowns/Content/HorrorEngine/Blueprints/Structures/HorrorEvent/HE_Damage.uasset" 592
"E:/Projects/Clowns/Content/HorrorEngine/Blueprints/Structures/HorrorEvent/HE_Damage.uexp" 593
"E:/Projects/Clowns/Content/HorrorEngine/Textures/HUD/Icon_Point.uasset" 594
"E:/Projects/Clowns/Content/HorrorEngine/Textures/HUD/Icon_Point.uexp" 595
"E:/Projects/Clowns/Content/HorrorEngine/Blueprints/Widgets/MainHUD/MainHUD_WB.uasset" 596
"E:/Projects/Clowns/Content/HorrorEngine/Blueprints/Widgets/MainHUD/MainHUD_WB.uexp" 597
"E:/Projects/Clowns/Content/HorrorEngine/Textures/HUD/Logo_HE.uasset" 598
"E:/Projects/Clowns/Content/HorrorEngine/Textures/HUD/Logo_HE.uexp" 599
"E:/Projects/Clowns/Content/HorrorEngine/Blueprints/Widgets/MainHUD/Loading_WB.uasset" 600
"E:/Projects/Clowns/Content/HorrorEngine/Blueprints/Widgets/MainHUD/Loading_WB.uexp" 601
"E:/Projects/Clowns/Content/HorrorEngine/Blueprints/Structures/HorrorEvent/HE_Player.uasset" 602
"E:/Projects/Clowns/Content/HorrorEngine/Blueprints/Structures/HorrorEvent/HE_Player.uexp" 603
"E:/Projects/Clowns/Content/HorrorEngine/Textures/HUD/Icon_Diary.uasset" 604
"E:/Projects/Clowns/Content/HorrorEngine/Textures/HUD/Icon_Diary.uexp" 605
"E:/Projects/Clowns/Content/HorrorEngine/Blueprints/Enums/E_InventoryFilterEnum.uasset" 606
"E:/Projects/Clowns/Content/HorrorEngine/Blueprints/Enums/E_InventoryFilterEnum.uexp" 607
"E:/Projects/Clowns/Content/HorrorEngine/Textures/T_TV_Old_Power_M.ubulk" 608
"E:/Projects/Clowns/Content/HorrorEngine/Textures/T_TV_Old_Power_M.uasset" 609
"E:/Projects/Clowns/Content/HorrorEngine/Textures/T_TV_Old_Power_M.uexp" 610
"E:/Projects/Clowns/Content/HorrorEngine/Textures/T_TV_Old_D.ubulk" 611
"E:/Projects/Clowns/Content/HorrorEngine/Textures/T_TV_Old_D.uasset" 612
"E:/Projects/Clowns/Content/HorrorEngine/Textures/T_TV_Old_D.uexp" 613
"E:/Projects/Clowns/Content/HorrorEngine/Textures/T_TV_Old_N.ubulk" 614
"E:/Projects/Clowns/Content/HorrorEngine/Textures/T_TV_Old_N.uasset" 615
"E:/Projects/Clowns/Content/HorrorEngine/Textures/T_TV_Old_N.uexp" 616
"E:/Projects/Clowns/Content/HorrorEngine/Textures/T_TV_Old_Multi_D.ubulk" 617
"E:/Projects/Clowns/Content/HorrorEngine/Textures/T_TV_Old_Multi_D.uasset" 618
"E:/Projects/Clowns/Content/HorrorEngine/Textures/T_TV_Old_Multi_D.uexp" 619
"E:/Projects/Clowns/Content/HorrorEngine/Materials/M_TV_Old.uasset" 620
"E:/Projects/Clowns/Content/HorrorEngine/Materials/M_TV_Old.uexp" 621
"E:/Projects/Clowns/Content/HorrorEngine/Textures/T_TV_Old_Signal_M.ubulk" 622
"E:/Projects/Clowns/Content/HorrorEngine/Textures/T_TV_Old_Signal_M.uasset" 623
"E:/Projects/Clowns/Content/HorrorEngine/Textures/T_TV_Old_Signal_M.uexp" 624
"../../../Engine/Content/EditorMaterials/TargetIcon.ubulk" 625
"../../../Engine/Content/EditorMaterials/TargetIcon.uasset" 626
"../../../Engine/Content/EditorMaterials/TargetIcon.uexp" 627
"../../../Engine/Content/Functions/Engine_MaterialFunctions01/Texturing/SpiralBlur-Texture.uasset" 628
"../../../Engine/Content/Functions/Engine_MaterialFunctions01/Texturing/SpiralBlur-Texture.uexp" 629
"E:/Projects/Clowns/Content/HorrorEngine/Textures/T_VHS_BlankScreen_D.uasset" 630
"E:/Projects/Clowns/Content/HorrorEngine/Textures/T_VHS_BlankScreen_D.uexp" 631
"E:/Projects/Clowns/Content/HorrorEngine/Materials/M_VHS_BlankScreen_Glow.uasset" 632
"E:/Projects/Clowns/Content/HorrorEngine/Materials/M_VHS_BlankScreen_Glow.uexp" 633
"E:/Projects/Clowns/Content/HorrorEngine/Media/MP_VHS.uasset" 634
"E:/Projects/Clowns/Content/HorrorEngine/Media/MP_VHS.uexp" 635
"E:/Projects/Clowns/Content/HorrorEngine/Media/Textures/MT_VHS.uasset" 636
"E:/Projects/Clowns/Content/HorrorEngine/Media/Textures/MT_VHS.uexp" 637
"E:/Projects/Clowns/Content/HorrorEngine/Blueprints/Widgets/MainHUD/Media_WB.uasset" 638
"E:/Projects/Clowns/Content/HorrorEngine/Blueprints/Widgets/MainHUD/Media_WB.uexp" 639
"E:/Projects/Clowns/Content/HorrorEngine/Materials/M_Master_Color.uasset" 640
"E:/Projects/Clowns/Content/HorrorEngine/Materials/M_Master_Color.uexp" 641
"E:/Projects/Clowns/Content/HorrorEngine/Materials/MaterialInstances/MI_Color_White_02.uasset" 642
"E:/Projects/Clowns/Content/HorrorEngine/Materials/MaterialInstances/MI_Color_White_02.uexp" 643
"E:/Projects/Clowns/Content/HorrorEngine/Meshes/Door_SM.ubulk" 644
"E:/Projects/Clowns/Content/HorrorEngine/Meshes/Door_SM.uasset" 645
"E:/Projects/Clowns/Content/HorrorEngine/Meshes/Door_SM.uexp" 646
"E:/Projects/Clowns/Content/HorrorEngine/Audio/Elecronics/S_E-Door_Open_Loop.uasset" 647
"E:/Projects/Clowns/Content/HorrorEngine/Audio/Elecronics/S_E-Door_Open_Loop.uexp" 648
"E:/Projects/Clowns/Content/HorrorEngine/Audio/Elecronics/S_E-Door_Open.uasset" 649
"E:/Projects/Clowns/Content/HorrorEngine/Audio/Elecronics/S_E-Door_Open.uexp" 650
"E:/Projects/Clowns/Content/HorrorEngine/Audio/Elecronics/S_E-Door_Open_Cue.uasset" 651
"E:/Projects/Clowns/Content/HorrorEngine/Audio/Elecronics/S_E-Door_Open_Cue.uexp" 652
"E:/Projects/Clowns/Content/HorrorEngine/Audio/Elecronics/S_E-Door_Open_Hit.uasset" 653
"E:/Projects/Clowns/Content/HorrorEngine/Audio/Elecronics/S_E-Door_Open_Hit.uexp" 654
"E:/Projects/Clowns/Content/HorrorEngine/Audio/Elecronics/S_E-Door_Open_Hit_Cue.uasset" 655
"E:/Projects/Clowns/Content/HorrorEngine/Audio/Elecronics/S_E-Door_Open_Hit_Cue.uexp" 656
"E:/Projects/Clowns/Content/HorrorEngine/Blueprints/Enums/E_OldTvSource.uasset" 657
"E:/Projects/Clowns/Content/HorrorEngine/Blueprints/Enums/E_OldTvSource.uexp" 658
"E:/Projects/Clowns/Content/HorrorEngine/Blueprints/Structures/SaveGame/SaveGame_Assets.uasset" 659
"E:/Projects/Clowns/Content/HorrorEngine/Blueprints/Structures/SaveGame/SaveGame_Assets.uexp" 660
"E:/Projects/Clowns/Content/HorrorEngine/Audio/_SoundSettings/ATT_General.uasset" 661
"E:/Projects/Clowns/Content/HorrorEngine/Audio/_SoundSettings/ATT_General.uexp" 662
"E:/Projects/Clowns/Content/HorrorEngine/Materials/MaterialInstances/MI_Color_Brown_03.uasset" 663
"E:/Projects/Clowns/Content/HorrorEngine/Materials/MaterialInstances/MI_Color_Brown_03.uexp" 664
"E:/Projects/Clowns/Content/HorrorEngine/Meshes/Door_Frame_E_SM.ubulk" 665
"E:/Projects/Clowns/Content/HorrorEngine/Meshes/Door_Frame_E_SM.uasset" 666
"E:/Projects/Clowns/Content/HorrorEngine/Meshes/Door_Frame_E_SM.uexp" 667
"E:/Projects/Clowns/Content/HorrorEngine/Blueprints/Core/HE_Interface.uasset" 668
"E:/Projects/Clowns/Content/HorrorEngine/Blueprints/Core/HE_Interface.uexp" 669
"E:/Projects/Clowns/Content/HorrorEngine/Textures/HUD/Icon_Input_E.uasset" 670
"E:/Projects/Clowns/Content/HorrorEngine/Textures/HUD/Icon_Input_E.uexp" 671
"E:/Projects/Clowns/Content/HorrorEngine/Textures/HUD/Icon_Input_RMB.uasset" 672
"E:/Projects/Clowns/Content/HorrorEngine/Textures/HUD/Icon_Input_RMB.uexp" 673
"E:/Projects/Clowns/Content/HorrorEngine/Blueprints/Structures/Settings/Settings_Inspection.uasset" 674
"E:/Projects/Clowns/Content/HorrorEngine/Blueprints/Structures/Settings/Settings_Inspection.uexp" 675
"E:/Projects/Clowns/Content/HorrorEngine/Blueprints/Enums/E_HorrorEventCheck.uasset" 676
"E:/Projects/Clowns/Content/HorrorEngine/Blueprints/Enums/E_HorrorEventCheck.uexp" 677
"E:/Projects/Clowns/Content/HorrorEngine/Textures/T_Photo_Base_D.uasset" 678
"E:/Projects/Clowns/Content/HorrorEngine/Textures/T_Photo_Base_D.uexp" 679
"E:/Projects/Clowns/Content/HorrorEngine/Materials/MaterialInstances/MI_Cameroid_PhotoBase.uasset" 680
"E:/Projects/Clowns/Content/HorrorEngine/Materials/MaterialInstances/MI_Cameroid_PhotoBase.uexp" 681
"E:/Projects/Clowns/Content/HorrorEngine/Audio/Interactions/S_Paper_06.uasset" 682
"E:/Projects/Clowns/Content/HorrorEngine/Audio/Interactions/S_Paper_06.uexp" 683
"E:/Projects/Clowns/Content/HorrorEngine/Textures/T_Photo_Sample07_D.uasset" 684
"E:/Projects/Clowns/Content/HorrorEngine/Textures/T_Photo_Sample07_D.uexp" 685
"E:/Projects/Clowns/Content/HorrorEngine/Textures/HUD/Icon_CameroidAlbum.ubulk" 686
"E:/Projects/Clowns/Content/HorrorEngine/Textures/HUD/Icon_CameroidAlbum.uasset" 687
"E:/Projects/Clowns/Content/HorrorEngine/Textures/HUD/Icon_CameroidAlbum.uexp" 688
"E:/Projects/Clowns/Content/HorrorEngine/Audio/Interactions/S_Paper_05.uasset" 689
"E:/Projects/Clowns/Content/HorrorEngine/Audio/Interactions/S_Paper_05.uexp" 690
"E:/Projects/Clowns/Content/HorrorEngine/Audio/Interactions/S_Paper_04.uasset" 691
"E:/Projects/Clowns/Content/HorrorEngine/Audio/Interactions/S_Paper_04.uexp" 692
"E:/Projects/Clowns/Content/HorrorEngine/Audio/Interactions/S_Paper_02.uasset" 693
"E:/Projects/Clowns/Content/HorrorEngine/Audio/Interactions/S_Paper_02.uexp" 694
"E:/Projects/Clowns/Content/HorrorEngine/Audio/Interactions/S_Paper_07.uasset" 695
"E:/Projects/Clowns/Content/HorrorEngine/Audio/Interactions/S_Paper_07.uexp" 696
"E:/Projects/Clowns/Content/HorrorEngine/Audio/Interactions/S_Paper_03.uasset" 697
"E:/Projects/Clowns/Content/HorrorEngine/Audio/Interactions/S_Paper_03.uexp" 698
"E:/Projects/Clowns/Content/HorrorEngine/Audio/Interactions/S_Paper_08.uasset" 699
"E:/Projects/Clowns/Content/HorrorEngine/Audio/Interactions/S_Paper_08.uexp" 700
"E:/Projects/Clowns/Content/HorrorEngine/Audio/Interactions/S_Paper_01.uasset" 701
"E:/Projects/Clowns/Content/HorrorEngine/Audio/Interactions/S_Paper_01.uexp" 702
"E:/Projects/Clowns/Content/HorrorEngine/Audio/Interactions/S_Paper_Cue.uasset" 703
"E:/Projects/Clowns/Content/HorrorEngine/Audio/Interactions/S_Paper_Cue.uexp" 704
"E:/Projects/Clowns/Content/HorrorEngine/Textures/HUD/Icon_Input_Space.uasset" 705
"E:/Projects/Clowns/Content/HorrorEngine/Textures/HUD/Icon_Input_Space.uexp" 706
"E:/Projects/Clowns/Content/HorrorEngine/Blueprints/Widgets/MainHUD/Reading_WB.uasset" 707
"E:/Projects/Clowns/Content/HorrorEngine/Blueprints/Widgets/MainHUD/Reading_WB.uexp" 708
"E:/Projects/Clowns/Content/HorrorEngine/Textures/HUD/Icon_GlowstickHud.uasset" 709
"E:/Projects/Clowns/Content/HorrorEngine/Textures/HUD/Icon_GlowstickHud.uexp" 710
"E:/Projects/Clowns/Content/HorrorEngine/Textures/HUD/Icon_Flashlight.uasset" 711
"E:/Projects/Clowns/Content/HorrorEngine/Textures/HUD/Icon_Flashlight.uexp" 712
"E:/Projects/Clowns/Content/HorrorEngine/Textures/HUD/Icon_Torch.uasset" 713
"E:/Projects/Clowns/Content/HorrorEngine/Textures/HUD/Icon_Torch.uexp" 714
"E:/Projects/Clowns/Content/HorrorEngine/Textures/HUD/Icon_Lighter.uasset" 715
"E:/Projects/Clowns/Content/HorrorEngine/Textures/HUD/Icon_Lighter.uexp" 716
"E:/Projects/Clowns/Content/HorrorEngine/Blueprints/Widgets/MainHUD/Equipment_WB.uasset" 717
"E:/Projects/Clowns/Content/HorrorEngine/Blueprints/Widgets/MainHUD/Equipment_WB.uexp" 718
"E:/Projects/Clowns/Content/HorrorEngine/Blueprints/Widgets/MainHUD/Button_WB.uasset" 719
"E:/Projects/Clowns/Content/HorrorEngine/Blueprints/Widgets/MainHUD/Button_WB.uexp" 720
"E:/Projects/Clowns/Content/HorrorEngine/Blueprints/Widgets/MainHUD/InformationText_WB.uasset" 721
"E:/Projects/Clowns/Content/HorrorEngine/Blueprints/Widgets/MainHUD/InformationText_WB.uexp" 722
"E:/Projects/Clowns/Content/HorrorEngine/Textures/HUD/Icon_Keycard.uasset" 723
"E:/Projects/Clowns/Content/HorrorEngine/Textures/HUD/Icon_Keycard.uexp" 724
"E:/Projects/Clowns/Content/HorrorEngine/Materials/MaterialInstances/MI_Color_Metal_01.uasset" 725
"E:/Projects/Clowns/Content/HorrorEngine/Materials/MaterialInstances/MI_Color_Metal_01.uexp" 726
"E:/Projects/Clowns/Content/HorrorEngine/Meshes/Key_SM.ubulk" 727
"E:/Projects/Clowns/Content/HorrorEngine/Meshes/Key_SM.uasset" 728
"E:/Projects/Clowns/Content/HorrorEngine/Meshes/Key_SM.uexp" 729
"E:/Projects/Clowns/Content/HorrorEngine/Textures/T_Security_Keycard_D.uasset" 730
"E:/Projects/Clowns/Content/HorrorEngine/Textures/T_Security_Keycard_D.uexp" 731
"E:/Projects/Clowns/Content/HorrorEngine/Materials/MaterialInstances/MI_Keycard.uasset" 732
"E:/Projects/Clowns/Content/HorrorEngine/Materials/MaterialInstances/MI_Keycard.uexp" 733
"E:/Projects/Clowns/Content/HorrorEngine/Meshes/Keycard_SM.ubulk" 734
"E:/Projects/Clowns/Content/HorrorEngine/Meshes/Keycard_SM.uasset" 735
"E:/Projects/Clowns/Content/HorrorEngine/Meshes/Keycard_SM.uexp" 736
"E:/Projects/Clowns/Content/HorrorEngine/Blueprints/Assets/Inventory/Keycard.uasset" 737
"E:/Projects/Clowns/Content/HorrorEngine/Blueprints/Assets/Inventory/Keycard.uexp" 738
"E:/Projects/Clowns/Content/HorrorEngine/Audio/Interactions/S_Unlock_01.uasset" 739
"E:/Projects/Clowns/Content/HorrorEngine/Audio/Interactions/S_Unlock_01.uexp" 740
"E:/Projects/Clowns/Content/HorrorEngine/Audio/Interactions/S_Unlock_02.uasset" 741
"E:/Projects/Clowns/Content/HorrorEngine/Audio/Interactions/S_Unlock_02.uexp" 742
"E:/Projects/Clowns/Content/HorrorEngine/Audio/Interactions/S_Unlock_Cue.uasset" 743
"E:/Projects/Clowns/Content/HorrorEngine/Audio/Interactions/S_Unlock_Cue.uexp" 744
"E:/Projects/Clowns/Content/HorrorEngine/Audio/Interactions/S_Creak_04.uasset" 745
"E:/Projects/Clowns/Content/HorrorEngine/Audio/Interactions/S_Creak_04.uexp" 746
"E:/Projects/Clowns/Content/HorrorEngine/Audio/Interactions/S_Creak_07.uasset" 747
"E:/Projects/Clowns/Content/HorrorEngine/Audio/Interactions/S_Creak_07.uexp" 748
"E:/Projects/Clowns/Content/HorrorEngine/Audio/Interactions/S_Creak_05.uasset" 749
"E:/Projects/Clowns/Content/HorrorEngine/Audio/Interactions/S_Creak_05.uexp" 750
"E:/Projects/Clowns/Content/HorrorEngine/Audio/Interactions/S_Creak_02.uasset" 751
"E:/Projects/Clowns/Content/HorrorEngine/Audio/Interactions/S_Creak_02.uexp" 752
"E:/Projects/Clowns/Content/HorrorEngine/Audio/Interactions/S_Creak_09.uasset" 753
"E:/Projects/Clowns/Content/HorrorEngine/Audio/Interactions/S_Creak_09.uexp" 754
"E:/Projects/Clowns/Content/HorrorEngine/Audio/Interactions/S_Creak_01.uasset" 755
"E:/Projects/Clowns/Content/HorrorEngine/Audio/Interactions/S_Creak_01.uexp" 756
"E:/Projects/Clowns/Content/HorrorEngine/Audio/Interactions/S_Creak_08.uasset" 757
"E:/Projects/Clowns/Content/HorrorEngine/Audio/Interactions/S_Creak_08.uexp" 758
"E:/Projects/Clowns/Content/HorrorEngine/Audio/Interactions/S_Creak_10.uasset" 759
"E:/Projects/Clowns/Content/HorrorEngine/Audio/Interactions/S_Creak_10.uexp" 760
"E:/Projects/Clowns/Content/HorrorEngine/Audio/Interactions/S_Creak_11.uasset" 761
"E:/Projects/Clowns/Content/HorrorEngine/Audio/Interactions/S_Creak_11.uexp" 762
"E:/Projects/Clowns/Content/HorrorEngine/Audio/Interactions/S_Creak_12.uasset" 763
"E:/Projects/Clowns/Content/HorrorEngine/Audio/Interactions/S_Creak_12.uexp" 764
"E:/Projects/Clowns/Content/HorrorEngine/Audio/Interactions/S_Creak_13.uasset" 765
"E:/Projects/Clowns/Content/HorrorEngine/Audio/Interactions/S_Creak_13.uexp" 766
"E:/Projects/Clowns/Content/HorrorEngine/Audio/Interactions/S_Creak_14.uasset" 767
"E:/Projects/Clowns/Content/HorrorEngine/Audio/Interactions/S_Creak_14.uexp" 768
"E:/Projects/Clowns/Content/HorrorEngine/Audio/Interactions/S_Creak_15.uasset" 769
"E:/Projects/Clowns/Content/HorrorEngine/Audio/Interactions/S_Creak_15.uexp" 770
"E:/Projects/Clowns/Content/HorrorEngine/Audio/Interactions/S_Creak_16.uasset" 771
"E:/Projects/Clowns/Content/HorrorEngine/Audio/Interactions/S_Creak_16.uexp" 772
"E:/Projects/Clowns/Content/HorrorEngine/Audio/Interactions/S_Creak_17.uasset" 773
"E:/Projects/Clowns/Content/HorrorEngine/Audio/Interactions/S_Creak_17.uexp" 774
"E:/Projects/Clowns/Content/HorrorEngine/Audio/Interactions/S_Creak_18.uasset" 775
"E:/Projects/Clowns/Content/HorrorEngine/Audio/Interactions/S_Creak_18.uexp" 776
"E:/Projects/Clowns/Content/HorrorEngine/Audio/Interactions/S_Creak_19.uasset" 777
"E:/Projects/Clowns/Content/HorrorEngine/Audio/Interactions/S_Creak_19.uexp" 778
"E:/Projects/Clowns/Content/HorrorEngine/Audio/Interactions/S_Creak_20.uasset" 779
"E:/Projects/Clowns/Content/HorrorEngine/Audio/Interactions/S_Creak_20.uexp" 780
"E:/Projects/Clowns/Content/HorrorEngine/Audio/Interactions/S_Creak_03.uasset" 781
"E:/Projects/Clowns/Content/HorrorEngine/Audio/Interactions/S_Creak_03.uexp" 782
"E:/Projects/Clowns/Content/HorrorEngine/Audio/Interactions/S_Creak_06.uasset" 783
"E:/Projects/Clowns/Content/HorrorEngine/Audio/Interactions/S_Creak_06.uexp" 784
"E:/Projects/Clowns/Content/HorrorEngine/Audio/Interactions/S_Cabinet_Door_Creak_Cue.uasset" 785
"E:/Projects/Clowns/Content/HorrorEngine/Audio/Interactions/S_Cabinet_Door_Creak_Cue.uexp" 786
"E:/Projects/Clowns/Content/HorrorEngine/Audio/Interactions/S_Wood_Hit_01.uasset" 787
"E:/Projects/Clowns/Content/HorrorEngine/Audio/Interactions/S_Wood_Hit_01.uexp" 788
"E:/Projects/Clowns/Content/HorrorEngine/Audio/Interactions/S_Wood_Hit_02.uasset" 789
"E:/Projects/Clowns/Content/HorrorEngine/Audio/Interactions/S_Wood_Hit_02.uexp" 790
"E:/Projects/Clowns/Content/HorrorEngine/Audio/Interactions/S_Wood_Hit_04.uasset" 791
"E:/Projects/Clowns/Content/HorrorEngine/Audio/Interactions/S_Wood_Hit_04.uexp" 792
"E:/Projects/Clowns/Content/HorrorEngine/Audio/Interactions/S_Wood_Hit_03.uasset" 793
"E:/Projects/Clowns/Content/HorrorEngine/Audio/Interactions/S_Wood_Hit_03.uexp" 794
"E:/Projects/Clowns/Content/HorrorEngine/Audio/Interactions/S_Wood_Hit_Cue.uasset" 795
"E:/Projects/Clowns/Content/HorrorEngine/Audio/Interactions/S_Wood_Hit_Cue.uexp" 796
"E:/Projects/Clowns/Content/HorrorEngine/Meshes/Lock_Frame_SM.ubulk" 797
"E:/Projects/Clowns/Content/HorrorEngine/Meshes/Lock_Frame_SM.uasset" 798
"E:/Projects/Clowns/Content/HorrorEngine/Meshes/Lock_Frame_SM.uexp" 799
"E:/Projects/Clowns/Content/HorrorEngine/Meshes/Lock_SM.ubulk" 800
"E:/Projects/Clowns/Content/HorrorEngine/Meshes/Lock_SM.uasset" 801
"E:/Projects/Clowns/Content/HorrorEngine/Meshes/Lock_SM.uexp" 802
"E:/Projects/Clowns/Content/HorrorEngine/Meshes/Cabinet_Handle_SM.ubulk" 803
"E:/Projects/Clowns/Content/HorrorEngine/Meshes/Cabinet_Handle_SM.uasset" 804
"E:/Projects/Clowns/Content/HorrorEngine/Meshes/Cabinet_Handle_SM.uexp" 805
"E:/Projects/Clowns/Content/HorrorEngine/Meshes/Cabinet_Door_SM.ubulk" 806
"E:/Projects/Clowns/Content/HorrorEngine/Meshes/Cabinet_Door_SM.uasset" 807
"E:/Projects/Clowns/Content/HorrorEngine/Meshes/Cabinet_Door_SM.uexp" 808
"E:/Projects/Clowns/Content/HorrorEngine/Meshes/Cabinet_Base_SM.ubulk" 809
"E:/Projects/Clowns/Content/HorrorEngine/Meshes/Cabinet_Base_SM.uasset" 810
"E:/Projects/Clowns/Content/HorrorEngine/Meshes/Cabinet_Base_SM.uexp" 811
"E:/Projects/Clowns/Content/HorrorEngine/Meshes/Door_Frame_SM.ubulk" 812
"E:/Projects/Clowns/Content/HorrorEngine/Meshes/Door_Frame_SM.uasset" 813
"E:/Projects/Clowns/Content/HorrorEngine/Meshes/Door_Frame_SM.uexp" 814
"E:/Projects/Clowns/Content/HorrorEngine/Audio/Interactions/S_Lock_02.uasset" 815
"E:/Projects/Clowns/Content/HorrorEngine/Audio/Interactions/S_Lock_02.uexp" 816
"E:/Projects/Clowns/Content/HorrorEngine/Audio/Interactions/S_Lock_01.uasset" 817
"E:/Projects/Clowns/Content/HorrorEngine/Audio/Interactions/S_Lock_01.uexp" 818
"E:/Projects/Clowns/Content/HorrorEngine/Audio/Interactions/S_Lock_Cue.uasset" 819
"E:/Projects/Clowns/Content/HorrorEngine/Audio/Interactions/S_Lock_Cue.uexp" 820
"E:/Projects/Clowns/Content/HorrorEngine/Textures/T_Pivot_D.ubulk" 821
"E:/Projects/Clowns/Content/HorrorEngine/Textures/T_Pivot_D.uasset" 822
"E:/Projects/Clowns/Content/HorrorEngine/Textures/T_Pivot_D.uexp" 823
"E:/Projects/Clowns/Content/HorrorEngine/Materials/MaterialInstances/MI_Pivot.uasset" 824
"E:/Projects/Clowns/Content/HorrorEngine/Materials/MaterialInstances/MI_Pivot.uexp" 825
"E:/Projects/Clowns/Content/HorrorEngine/Meshes/Pivot_SM.ubulk" 826
"E:/Projects/Clowns/Content/HorrorEngine/Meshes/Pivot_SM.uasset" 827
"E:/Projects/Clowns/Content/HorrorEngine/Meshes/Pivot_SM.uexp" 828
"E:/Projects/Clowns/Content/HorrorEngine/Blueprints/Assets/Interactables/Cabinet.uasset" 829
"E:/Projects/Clowns/Content/HorrorEngine/Blueprints/Assets/Interactables/Cabinet.uexp" 830
"E:/Projects/Clowns/Content/HorrorEngine/Audio/Interactions/S_Drawer_Close_03.uasset" 831
"E:/Projects/Clowns/Content/HorrorEngine/Audio/Interactions/S_Drawer_Close_03.uexp" 832
"E:/Projects/Clowns/Content/HorrorEngine/Audio/Interactions/S_Drawer_Close_01.uasset" 833
"E:/Projects/Clowns/Content/HorrorEngine/Audio/Interactions/S_Drawer_Close_01.uexp" 834
"E:/Projects/Clowns/Content/HorrorEngine/Audio/Interactions/S_Drawer_Close_02.uasset" 835
"E:/Projects/Clowns/Content/HorrorEngine/Audio/Interactions/S_Drawer_Close_02.uexp" 836
"E:/Projects/Clowns/Content/HorrorEngine/Audio/Interactions/S_Drawer_Close_04.uasset" 837
"E:/Projects/Clowns/Content/HorrorEngine/Audio/Interactions/S_Drawer_Close_04.uexp" 838
"E:/Projects/Clowns/Content/HorrorEngine/Audio/Interactions/S_Drawer_Close_Cue.uasset" 839
"E:/Projects/Clowns/Content/HorrorEngine/Audio/Interactions/S_Drawer_Close_Cue.uexp" 840
"E:/Projects/Clowns/Content/HorrorEngine/Meshes/Drawer_SM.ubulk" 841
"E:/Projects/Clowns/Content/HorrorEngine/Meshes/Drawer_SM.uasset" 842
"E:/Projects/Clowns/Content/HorrorEngine/Meshes/Drawer_SM.uexp" 843
"E:/Projects/Clowns/Content/HorrorEngine/Audio/Interactions/S_Drawer_Open_05.uasset" 844
"E:/Projects/Clowns/Content/HorrorEngine/Audio/Interactions/S_Drawer_Open_05.uexp" 845
"E:/Projects/Clowns/Content/HorrorEngine/Audio/Interactions/S_Drawer_Open_10.uasset" 846
"E:/Projects/Clowns/Content/HorrorEngine/Audio/Interactions/S_Drawer_Open_10.uexp" 847
"E:/Projects/Clowns/Content/HorrorEngine/Audio/Interactions/S_Drawer_Open_09.uasset" 848
"E:/Projects/Clowns/Content/HorrorEngine/Audio/Interactions/S_Drawer_Open_09.uexp" 849
"E:/Projects/Clowns/Content/HorrorEngine/Audio/Interactions/S_Drawer_Open_08.uasset" 850
"E:/Projects/Clowns/Content/HorrorEngine/Audio/Interactions/S_Drawer_Open_08.uexp" 851
"E:/Projects/Clowns/Content/HorrorEngine/Audio/Interactions/S_Drawer_Open_06.uasset" 852
"E:/Projects/Clowns/Content/HorrorEngine/Audio/Interactions/S_Drawer_Open_06.uexp" 853
"E:/Projects/Clowns/Content/HorrorEngine/Audio/Interactions/S_Drawer_Open_07.uasset" 854
"E:/Projects/Clowns/Content/HorrorEngine/Audio/Interactions/S_Drawer_Open_07.uexp" 855
"E:/Projects/Clowns/Content/HorrorEngine/Audio/Interactions/S_Drawer_Open_04.uasset" 856
"E:/Projects/Clowns/Content/HorrorEngine/Audio/Interactions/S_Drawer_Open_04.uexp" 857
"E:/Projects/Clowns/Content/HorrorEngine/Audio/Interactions/S_Drawer_Open_01.uasset" 858
"E:/Projects/Clowns/Content/HorrorEngine/Audio/Interactions/S_Drawer_Open_01.uexp" 859
"E:/Projects/Clowns/Content/HorrorEngine/Audio/Interactions/S_Drawer_Open_02.uasset" 860
"E:/Projects/Clowns/Content/HorrorEngine/Audio/Interactions/S_Drawer_Open_02.uexp" 861
"E:/Projects/Clowns/Content/HorrorEngine/Audio/Interactions/S_Drawer_Open_03.uasset" 862
"E:/Projects/Clowns/Content/HorrorEngine/Audio/Interactions/S_Drawer_Open_03.uexp" 863
"E:/Projects/Clowns/Content/HorrorEngine/Audio/Interactions/S_Drawer_Open_Cue.uasset" 864
"E:/Projects/Clowns/Content/HorrorEngine/Audio/Interactions/S_Drawer_Open_Cue.uexp" 865
"E:/Projects/Clowns/Content/HorrorEngine/Blueprints/Assets/Interactables/Drawer.uasset" 866
"E:/Projects/Clowns/Content/HorrorEngine/Blueprints/Assets/Interactables/Drawer.uexp" 867
"E:/Projects/Clowns/Content/HorrorEngine/Audio/Interactions/S_Door_Handle_Open_04.uasset" 868
"E:/Projects/Clowns/Content/HorrorEngine/Audio/Interactions/S_Door_Handle_Open_04.uexp" 869
"E:/Projects/Clowns/Content/HorrorEngine/Audio/Interactions/S_Door_Handle_Open_03.uasset" 870
"E:/Projects/Clowns/Content/HorrorEngine/Audio/Interactions/S_Door_Handle_Open_03.uexp" 871
"E:/Projects/Clowns/Content/HorrorEngine/Audio/Interactions/S_Door_Handle_Open_02.uasset" 872
"E:/Projects/Clowns/Content/HorrorEngine/Audio/Interactions/S_Door_Handle_Open_02.uexp" 873
"E:/Projects/Clowns/Content/HorrorEngine/Audio/Interactions/S_Door_Handle_Open_06.uasset" 874
"E:/Projects/Clowns/Content/HorrorEngine/Audio/Interactions/S_Door_Handle_Open_06.uexp" 875
"E:/Projects/Clowns/Content/HorrorEngine/Audio/Interactions/S_Door_Handle_Open_07.uasset" 876
"E:/Projects/Clowns/Content/HorrorEngine/Audio/Interactions/S_Door_Handle_Open_07.uexp" 877
"E:/Projects/Clowns/Content/HorrorEngine/Audio/Interactions/S_Door_Handle_Open_05.uasset" 878
"E:/Projects/Clowns/Content/HorrorEngine/Audio/Interactions/S_Door_Handle_Open_05.uexp" 879
"E:/Projects/Clowns/Content/HorrorEngine/Audio/Interactions/S_Door_Handle_Open_08.uasset" 880
"E:/Projects/Clowns/Content/HorrorEngine/Audio/Interactions/S_Door_Handle_Open_08.uexp" 881
"E:/Projects/Clowns/Content/HorrorEngine/Audio/Interactions/S_Door_Handle_Open_01.uasset" 882
"E:/Projects/Clowns/Content/HorrorEngine/Audio/Interactions/S_Door_Handle_Open_01.uexp" 883
"E:/Projects/Clowns/Content/HorrorEngine/Audio/Interactions/S_Door_Handle_Open_Cue.uasset" 884
"E:/Projects/Clowns/Content/HorrorEngine/Audio/Interactions/S_Door_Handle_Open_Cue.uexp" 885
"E:/Projects/Clowns/Content/HorrorEngine/Audio/Interactions/S_Creak_21.uasset" 886
"E:/Projects/Clowns/Content/HorrorEngine/Audio/Interactions/S_Creak_21.uexp" 887
"E:/Projects/Clowns/Content/HorrorEngine/Audio/Interactions/S_Creak_22.uasset" 888
"E:/Projects/Clowns/Content/HorrorEngine/Audio/Interactions/S_Creak_22.uexp" 889
"E:/Projects/Clowns/Content/HorrorEngine/Audio/Interactions/S_Creak_23.uasset" 890
"E:/Projects/Clowns/Content/HorrorEngine/Audio/Interactions/S_Creak_23.uexp" 891
"E:/Projects/Clowns/Content/HorrorEngine/Audio/Interactions/S_Creak_24.uasset" 892
"E:/Projects/Clowns/Content/HorrorEngine/Audio/Interactions/S_Creak_24.uexp" 893
"E:/Projects/Clowns/Content/HorrorEngine/Audio/Interactions/S_Creak_25.uasset" 894
"E:/Projects/Clowns/Content/HorrorEngine/Audio/Interactions/S_Creak_25.uexp" 895
"E:/Projects/Clowns/Content/HorrorEngine/Audio/Interactions/S_Creak_26.uasset" 896
"E:/Projects/Clowns/Content/HorrorEngine/Audio/Interactions/S_Creak_26.uexp" 897
"E:/Projects/Clowns/Content/HorrorEngine/Audio/Interactions/S_Creak_27.uasset" 898
"E:/Projects/Clowns/Content/HorrorEngine/Audio/Interactions/S_Creak_27.uexp" 899
"E:/Projects/Clowns/Content/HorrorEngine/Audio/Interactions/S_Creak_28.uasset" 900
"E:/Projects/Clowns/Content/HorrorEngine/Audio/Interactions/S_Creak_28.uexp" 901
"E:/Projects/Clowns/Content/HorrorEngine/Audio/Interactions/S_Creak_29.uasset" 902
"E:/Projects/Clowns/Content/HorrorEngine/Audio/Interactions/S_Creak_29.uexp" 903
"E:/Projects/Clowns/Content/HorrorEngine/Audio/Interactions/S_Creak_30.uasset" 904
"E:/Projects/Clowns/Content/HorrorEngine/Audio/Interactions/S_Creak_30.uexp" 905
"E:/Projects/Clowns/Content/HorrorEngine/Audio/Interactions/S_Door_Creak_Cue.uasset" 906
"E:/Projects/Clowns/Content/HorrorEngine/Audio/Interactions/S_Door_Creak_Cue.uexp" 907
"E:/Projects/Clowns/Content/HorrorEngine/Meshes/Lock_Slider_Base_SM.ubulk" 908
"E:/Projects/Clowns/Content/HorrorEngine/Meshes/Lock_Slider_Base_SM.uasset" 909
"E:/Projects/Clowns/Content/HorrorEngine/Meshes/Lock_Slider_Base_SM.uexp" 910
"E:/Projects/Clowns/Content/HorrorEngine/Audio/Interactions/S_Door_Handle_Release_01.uasset" 911
"E:/Projects/Clowns/Content/HorrorEngine/Audio/Interactions/S_Door_Handle_Release_01.uexp" 912
"E:/Projects/Clowns/Content/HorrorEngine/Audio/Interactions/S_Door_Handle_Release_03.uasset" 913
"E:/Projects/Clowns/Content/HorrorEngine/Audio/Interactions/S_Door_Handle_Release_03.uexp" 914
"E:/Projects/Clowns/Content/HorrorEngine/Audio/Interactions/S_Door_Handle_Release_04.uasset" 915
"E:/Projects/Clowns/Content/HorrorEngine/Audio/Interactions/S_Door_Handle_Release_04.uexp" 916
"E:/Projects/Clowns/Content/HorrorEngine/Audio/Interactions/S_Door_Handle_Release_07.uasset" 917
"E:/Projects/Clowns/Content/HorrorEngine/Audio/Interactions/S_Door_Handle_Release_07.uexp" 918
"E:/Projects/Clowns/Content/HorrorEngine/Audio/Interactions/S_Door_Handle_Release_08.uasset" 919
"E:/Projects/Clowns/Content/HorrorEngine/Audio/Interactions/S_Door_Handle_Release_08.uexp" 920
"E:/Projects/Clowns/Content/HorrorEngine/Audio/Interactions/S_Door_Handle_Release_05.uasset" 921
"E:/Projects/Clowns/Content/HorrorEngine/Audio/Interactions/S_Door_Handle_Release_05.uexp" 922
"E:/Projects/Clowns/Content/HorrorEngine/Audio/Interactions/S_Door_Handle_Release_06.uasset" 923
"E:/Projects/Clowns/Content/HorrorEngine/Audio/Interactions/S_Door_Handle_Release_06.uexp" 924
"E:/Projects/Clowns/Content/HorrorEngine/Audio/Interactions/S_Door_Handle_Release_02.uasset" 925
"E:/Projects/Clowns/Content/HorrorEngine/Audio/Interactions/S_Door_Handle_Release_02.uexp" 926
"E:/Projects/Clowns/Content/HorrorEngine/Audio/Interactions/S_Door_Handle_Release_Cue.uasset" 927
"E:/Projects/Clowns/Content/HorrorEngine/Audio/Interactions/S_Door_Handle_Release_Cue.uexp" 928
"E:/Projects/Clowns/Content/HorrorEngine/Meshes/Lock_Slider_Part_SM.ubulk" 929
"E:/Projects/Clowns/Content/HorrorEngine/Meshes/Lock_Slider_Part_SM.uasset" 930
"E:/Projects/Clowns/Content/HorrorEngine/Meshes/Lock_Slider_Part_SM.uexp" 931
"E:/Projects/Clowns/Content/HorrorEngine/Audio/Interactions/S_Door_Close_01.uasset" 932
"E:/Projects/Clowns/Content/HorrorEngine/Audio/Interactions/S_Door_Close_01.uexp" 933
"E:/Projects/Clowns/Content/HorrorEngine/Audio/Interactions/S_Door_Close_02.uasset" 934
"E:/Projects/Clowns/Content/HorrorEngine/Audio/Interactions/S_Door_Close_02.uexp" 935
"E:/Projects/Clowns/Content/HorrorEngine/Audio/Interactions/S_Door_Close_Cue.uasset" 936
"E:/Projects/Clowns/Content/HorrorEngine/Audio/Interactions/S_Door_Close_Cue.uexp" 937
"E:/Projects/Clowns/Content/HorrorEngine/Audio/Interactions/S_Door_Knocking_01.uasset" 938
"E:/Projects/Clowns/Content/HorrorEngine/Audio/Interactions/S_Door_Knocking_01.uexp" 939
"E:/Projects/Clowns/Content/HorrorEngine/Audio/Interactions/S_Door_Knocking_02.uasset" 940
"E:/Projects/Clowns/Content/HorrorEngine/Audio/Interactions/S_Door_Knocking_02.uexp" 941
"E:/Projects/Clowns/Content/HorrorEngine/Audio/Interactions/S_Door_Knocking_03.uasset" 942
"E:/Projects/Clowns/Content/HorrorEngine/Audio/Interactions/S_Door_Knocking_03.uexp" 943
"E:/Projects/Clowns/Content/HorrorEngine/Audio/Interactions/S_Door_Knocking_04.uasset" 944
"E:/Projects/Clowns/Content/HorrorEngine/Audio/Interactions/S_Door_Knocking_04.uexp" 945
"E:/Projects/Clowns/Content/HorrorEngine/Audio/Interactions/S_Door_Knocking_05.uasset" 946
"E:/Projects/Clowns/Content/HorrorEngine/Audio/Interactions/S_Door_Knocking_05.uexp" 947
"E:/Projects/Clowns/Content/HorrorEngine/Audio/Interactions/S_Door_Knocking_06.uasset" 948
"E:/Projects/Clowns/Content/HorrorEngine/Audio/Interactions/S_Door_Knocking_06.uexp" 949
"E:/Projects/Clowns/Content/HorrorEngine/Audio/Interactions/S_Door_Knocking_Cue.uasset" 950
"E:/Projects/Clowns/Content/HorrorEngine/Audio/Interactions/S_Door_Knocking_Cue.uexp" 951
"E:/Projects/Clowns/Content/HorrorEngine/Meshes/Lock_Slider_SM.ubulk" 952
"E:/Projects/Clowns/Content/HorrorEngine/Meshes/Lock_Slider_SM.uasset" 953
"E:/Projects/Clowns/Content/HorrorEngine/Meshes/Lock_Slider_SM.uexp" 954
"E:/Projects/Clowns/Content/HorrorEngine/Meshes/Door_Handle_Base_SM.ubulk" 955
"E:/Projects/Clowns/Content/HorrorEngine/Meshes/Door_Handle_Base_SM.uasset" 956
"E:/Projects/Clowns/Content/HorrorEngine/Meshes/Door_Handle_Base_SM.uexp" 957
"E:/Projects/Clowns/Content/HorrorEngine/Meshes/Door_Handle_SM.ubulk" 958
"E:/Projects/Clowns/Content/HorrorEngine/Meshes/Door_Handle_SM.uasset" 959
"E:/Projects/Clowns/Content/HorrorEngine/Meshes/Door_Handle_SM.uexp" 960
"E:/Projects/Clowns/Content/HorrorEngine/Blueprints/Assets/Interactables/Door.uasset" 961
"E:/Projects/Clowns/Content/HorrorEngine/Blueprints/Assets/Interactables/Door.uexp" 962
"E:/Projects/Clowns/Content/HorrorEngine/Textures/HUD/Icon_Key.uasset" 963
"E:/Projects/Clowns/Content/HorrorEngine/Textures/HUD/Icon_Key.uexp" 964
"E:/Projects/Clowns/Content/HorrorEngine/Materials/PhysicalMaterials/PM_Tile.uasset" 965
"E:/Projects/Clowns/Content/HorrorEngine/Materials/PhysicalMaterials/PM_Tile.uexp" 966
"E:/Projects/Clowns/Content/HorrorEngine/Materials/M_Glass.uasset" 967
"E:/Projects/Clowns/Content/HorrorEngine/Materials/M_Glass.uexp" 968
"E:/Projects/Clowns/Content/HorrorEngine/Meshes/Door_Sliding_SM.ubulk" 969
"E:/Projects/Clowns/Content/HorrorEngine/Meshes/Door_Sliding_SM.uasset" 970
"E:/Projects/Clowns/Content/HorrorEngine/Meshes/Door_Sliding_SM.uexp" 971
"E:/Projects/Clowns/Content/HorrorEngine/Meshes/Door_Sliding_Frame_SM.ubulk" 972
"E:/Projects/Clowns/Content/HorrorEngine/Meshes/Door_Sliding_Frame_SM.uasset" 973
"E:/Projects/Clowns/Content/HorrorEngine/Meshes/Door_Sliding_Frame_SM.uexp" 974
"E:/Projects/Clowns/Content/HorrorEngine/Meshes/SlidingDoorHandleBase_SM.ubulk" 975
"E:/Projects/Clowns/Content/HorrorEngine/Meshes/SlidingDoorHandleBase_SM.uasset" 976
"E:/Projects/Clowns/Content/HorrorEngine/Meshes/SlidingDoorHandleBase_SM.uexp" 977
"E:/Projects/Clowns/Content/HorrorEngine/Blueprints/Assets/Interactables/Door_Sliding.uasset" 978
"E:/Projects/Clowns/Content/HorrorEngine/Blueprints/Assets/Interactables/Door_Sliding.uexp" 979
"E:/Projects/Clowns/Content/HorrorEngine/Audio/Interactions/S_Take_Key.uasset" 980
"E:/Projects/Clowns/Content/HorrorEngine/Audio/Interactions/S_Take_Key.uexp" 981
"E:/Projects/Clowns/Content/HorrorEngine/Audio/Interactions/S_Take_Key_Cue.uasset" 982
"E:/Projects/Clowns/Content/HorrorEngine/Audio/Interactions/S_Take_Key_Cue.uexp" 983
"E:/Projects/Clowns/Content/HorrorEngine/Blueprints/Assets/Inventory/Key.uasset" 984
"E:/Projects/Clowns/Content/HorrorEngine/Blueprints/Assets/Inventory/Key.uexp" 985
"E:/Projects/Clowns/Content/HorrorEngine/Textures/HUD/IMG_ItemFrame.ubulk" 986
"E:/Projects/Clowns/Content/HorrorEngine/Textures/HUD/IMG_ItemFrame.uasset" 987
"E:/Projects/Clowns/Content/HorrorEngine/Textures/HUD/IMG_ItemFrame.uexp" 988
"E:/Projects/Clowns/Content/HorrorEngine/Blueprints/Widgets/MainHUD/Item_WB.uasset" 989
"E:/Projects/Clowns/Content/HorrorEngine/Blueprints/Widgets/MainHUD/Item_WB.uexp" 990
"E:/Projects/Clowns/Content/HorrorEngine/Blueprints/Widgets/MainHUD/Inventory_WB.uasset" 991
"E:/Projects/Clowns/Content/HorrorEngine/Blueprints/Widgets/MainHUD/Inventory_WB.uexp" 992
"E:/Projects/Clowns/Content/HorrorEngine/Materials/M_InventoryCapture.uasset" 993
"E:/Projects/Clowns/Content/HorrorEngine/Materials/M_InventoryCapture.uexp" 994
"E:/Projects/Clowns/Content/HorrorEngine/Blueprints/Widgets/MainHUD/Interaction_WB.uasset" 995
"E:/Projects/Clowns/Content/HorrorEngine/Blueprints/Widgets/MainHUD/Interaction_WB.uexp" 996
"E:/Projects/Clowns/Content/HorrorEngine/Blueprints/Core/Cameroid_Photo_Album.uasset" 997
"E:/Projects/Clowns/Content/HorrorEngine/Blueprints/Core/Cameroid_Photo_Album.uexp" 998
"E:/Projects/Clowns/Content/HorrorEngine/Materials/MaterialInstances/MI_Cameroid_PhotoFrame.uasset" 999
"E:/Projects/Clowns/Content/HorrorEngine/Materials/MaterialInstances/MI_Cameroid_PhotoFrame.uexp" 1000
"E:/Projects/Clowns/Content/HorrorEngine/Meshes/Cameroid_Photo_SM.ubulk" 1001
"E:/Projects/Clowns/Content/HorrorEngine/Meshes/Cameroid_Photo_SM.uasset" 1002
"E:/Projects/Clowns/Content/HorrorEngine/Meshes/Cameroid_Photo_SM.uexp" 1003
"E:/Projects/Clowns/Content/HorrorEngine/Blueprints/Assets/Inventory/CameroidPhotoStatic.uasset" 1004
"E:/Projects/Clowns/Content/HorrorEngine/Blueprints/Assets/Inventory/CameroidPhotoStatic.uexp" 1005
"E:/Projects/Clowns/Content/HorrorEngine/Textures/HUD/Icon_TorchOil.uasset" 1006
"E:/Projects/Clowns/Content/HorrorEngine/Textures/HUD/Icon_TorchOil.uexp" 1007
"E:/Projects/Clowns/Content/HorrorEngine/Audio/Interactions/S_Take_Oil.uasset" 1008
"E:/Projects/Clowns/Content/HorrorEngine/Audio/Interactions/S_Take_Oil.uexp" 1009
"E:/Projects/Clowns/Content/HorrorEngine/Audio/Interactions/S_Take_Oil_Cue.uasset" 1010
"E:/Projects/Clowns/Content/HorrorEngine/Audio/Interactions/S_Take_Oil_Cue.uexp" 1011
"E:/Projects/Clowns/Content/HorrorEngine/Textures/T_TorchOil_D.uasset" 1012
"E:/Projects/Clowns/Content/HorrorEngine/Textures/T_TorchOil_D.uexp" 1013
"E:/Projects/Clowns/Content/HorrorEngine/Materials/MaterialInstances/MI_Torch_Oil.uasset" 1014
"E:/Projects/Clowns/Content/HorrorEngine/Materials/MaterialInstances/MI_Torch_Oil.uexp" 1015
"E:/Projects/Clowns/Content/HorrorEngine/Meshes/Torch_Oil_SM.ubulk" 1016
"E:/Projects/Clowns/Content/HorrorEngine/Meshes/Torch_Oil_SM.uasset" 1017
"E:/Projects/Clowns/Content/HorrorEngine/Meshes/Torch_Oil_SM.uexp" 1018
"E:/Projects/Clowns/Content/HorrorEngine/Blueprints/Assets/Inventory/TorchOil.uasset" 1019
"E:/Projects/Clowns/Content/HorrorEngine/Blueprints/Assets/Inventory/TorchOil.uexp" 1020
"E:/Projects/Clowns/Content/HorrorEngine/Textures/T_Battery_D.uasset" 1021
"E:/Projects/Clowns/Content/HorrorEngine/Textures/T_Battery_D.uexp" 1022
"E:/Projects/Clowns/Content/HorrorEngine/Textures/T_Battery_N.uasset" 1023
"E:/Projects/Clowns/Content/HorrorEngine/Textures/T_Battery_N.uexp" 1024
"E:/Projects/Clowns/Content/HorrorEngine/Textures/T_Battery_M.uasset" 1025
"E:/Projects/Clowns/Content/HorrorEngine/Textures/T_Battery_M.uexp" 1026
"E:/Projects/Clowns/Content/HorrorEngine/Materials/MaterialInstances/MI_Battery.uasset" 1027
"E:/Projects/Clowns/Content/HorrorEngine/Materials/MaterialInstances/MI_Battery.uexp" 1028
"E:/Projects/Clowns/Content/HorrorEngine/Audio/Interactions/S_Take_Battery.uasset" 1029
"E:/Projects/Clowns/Content/HorrorEngine/Audio/Interactions/S_Take_Battery.uexp" 1030
"E:/Projects/Clowns/Content/HorrorEngine/Audio/Interactions/S_Take_Battery_Cue.uasset" 1031
"E:/Projects/Clowns/Content/HorrorEngine/Audio/Interactions/S_Take_Battery_Cue.uexp" 1032
"E:/Projects/Clowns/Content/HorrorEngine/Meshes/Battery_SM.ubulk" 1033
"E:/Projects/Clowns/Content/HorrorEngine/Meshes/Battery_SM.uasset" 1034
"E:/Projects/Clowns/Content/HorrorEngine/Meshes/Battery_SM.uexp" 1035
"E:/Projects/Clowns/Content/HorrorEngine/Textures/HUD/Icon_Battery.uasset" 1036
"E:/Projects/Clowns/Content/HorrorEngine/Textures/HUD/Icon_Battery.uexp" 1037
"E:/Projects/Clowns/Content/HorrorEngine/Blueprints/Assets/Inventory/Battery.uasset" 1038
"E:/Projects/Clowns/Content/HorrorEngine/Blueprints/Assets/Inventory/Battery.uexp" 1039
"E:/Projects/Clowns/Content/HorrorEngine/Textures/T_Wood_Gray_N.uasset" 1040
"E:/Projects/Clowns/Content/HorrorEngine/Textures/T_Wood_Gray_N.uexp" 1041
"E:/Projects/Clowns/Content/HorrorEngine/Textures/T_Torch_D.ubulk" 1042
"E:/Projects/Clowns/Content/HorrorEngine/Textures/T_Torch_D.uasset" 1043
"E:/Projects/Clowns/Content/HorrorEngine/Textures/T_Torch_D.uexp" 1044
"E:/Projects/Clowns/Content/HorrorEngine/Materials/MaterialInstances/MI_Torch.uasset" 1045
"E:/Projects/Clowns/Content/HorrorEngine/Materials/MaterialInstances/MI_Torch.uexp" 1046
"E:/Projects/Clowns/Content/HorrorEngine/Meshes/Torch_SM.ubulk" 1047
"E:/Projects/Clowns/Content/HorrorEngine/Meshes/Torch_SM.uasset" 1048
"E:/Projects/Clowns/Content/HorrorEngine/Meshes/Torch_SM.uexp" 1049
"E:/Projects/Clowns/Content/HorrorEngine/Blueprints/Assets/Inventory/Torch.uasset" 1050
"E:/Projects/Clowns/Content/HorrorEngine/Blueprints/Assets/Inventory/Torch.uexp" 1051
"E:/Projects/Clowns/Content/HorrorEngine/Blueprints/Structures/SaveGame/SaveGame_AmbientSounds.uasset" 1052
"E:/Projects/Clowns/Content/HorrorEngine/Blueprints/Structures/SaveGame/SaveGame_AmbientSounds.uexp" 1053
"E:/Projects/Clowns/Content/HorrorEngine/Textures/T_Paper_Empty_D.ubulk" 1054
"E:/Projects/Clowns/Content/HorrorEngine/Textures/T_Paper_Empty_D.uasset" 1055
"E:/Projects/Clowns/Content/HorrorEngine/Textures/T_Paper_Empty_D.uexp" 1056
"E:/Projects/Clowns/Content/HorrorEngine/Materials/M_Paper.uasset" 1057
"E:/Projects/Clowns/Content/HorrorEngine/Materials/M_Paper.uexp" 1058
"E:/Projects/Clowns/Content/HorrorEngine/Meshes/Paper_SM.ubulk" 1059
"E:/Projects/Clowns/Content/HorrorEngine/Meshes/Paper_SM.uasset" 1060
"E:/Projects/Clowns/Content/HorrorEngine/Meshes/Paper_SM.uexp" 1061
"E:/Projects/Clowns/Content/HorrorEngine/Textures/HUD/Icon_Paper.uasset" 1062
"E:/Projects/Clowns/Content/HorrorEngine/Textures/HUD/Icon_Paper.uexp" 1063
"E:/Projects/Clowns/Content/HorrorEngine/Textures/T_Paper_Sample_02_D.uasset" 1064
"E:/Projects/Clowns/Content/HorrorEngine/Textures/T_Paper_Sample_02_D.uexp" 1065
"E:/Projects/Clowns/Content/HorrorEngine/Textures/T_Paper_Sample_01_D.uasset" 1066
"E:/Projects/Clowns/Content/HorrorEngine/Textures/T_Paper_Sample_01_D.uexp" 1067
"E:/Projects/Clowns/Content/HorrorEngine/Blueprints/Assets/Inventory/Paper.uasset" 1068
"E:/Projects/Clowns/Content/HorrorEngine/Blueprints/Assets/Inventory/Paper.uexp" 1069
"E:/Projects/Clowns/Content/HorrorEngine/Blueprints/Structures/SaveGame/SaveGame_Player.uasset" 1070
"E:/Projects/Clowns/Content/HorrorEngine/Blueprints/Structures/SaveGame/SaveGame_Player.uexp" 1071
"E:/Projects/Clowns/Content/HorrorEngine/Textures/T_Painkiller_D.uasset" 1072
"E:/Projects/Clowns/Content/HorrorEngine/Textures/T_Painkiller_D.uexp" 1073
"E:/Projects/Clowns/Content/HorrorEngine/Materials/MaterialInstances/MI_Painkiller.uasset" 1074
"E:/Projects/Clowns/Content/HorrorEngine/Materials/MaterialInstances/MI_Painkiller.uexp" 1075
"E:/Projects/Clowns/Content/HorrorEngine/Audio/Voices/S_Painkiller_01.uasset" 1076
"E:/Projects/Clowns/Content/HorrorEngine/Audio/Voices/S_Painkiller_01.uexp" 1077
"E:/Projects/Clowns/Content/HorrorEngine/Audio/Voices/S_Painkiller_03.uasset" 1078
"E:/Projects/Clowns/Content/HorrorEngine/Audio/Voices/S_Painkiller_03.uexp" 1079
"E:/Projects/Clowns/Content/HorrorEngine/Audio/Voices/S_Painkiller_04.uasset" 1080
"E:/Projects/Clowns/Content/HorrorEngine/Audio/Voices/S_Painkiller_04.uexp" 1081
"E:/Projects/Clowns/Content/HorrorEngine/Audio/Voices/S_Painkiller_05.uasset" 1082
"E:/Projects/Clowns/Content/HorrorEngine/Audio/Voices/S_Painkiller_05.uexp" 1083
"E:/Projects/Clowns/Content/HorrorEngine/Audio/Voices/S_Painkiller_02.uasset" 1084
"E:/Projects/Clowns/Content/HorrorEngine/Audio/Voices/S_Painkiller_02.uexp" 1085
"E:/Projects/Clowns/Content/HorrorEngine/Audio/Voices/S_Painkiller_Cue.uasset" 1086
"E:/Projects/Clowns/Content/HorrorEngine/Audio/Voices/S_Painkiller_Cue.uexp" 1087
"E:/Projects/Clowns/Content/HorrorEngine/Meshes/Painkiller_SM.ubulk" 1088
"E:/Projects/Clowns/Content/HorrorEngine/Meshes/Painkiller_SM.uasset" 1089
"E:/Projects/Clowns/Content/HorrorEngine/Meshes/Painkiller_SM.uexp" 1090
"E:/Projects/Clowns/Content/HorrorEngine/Textures/HUD/Icon_Painkiller.uasset" 1091
"E:/Projects/Clowns/Content/HorrorEngine/Textures/HUD/Icon_Painkiller.uexp" 1092
"E:/Projects/Clowns/Content/HorrorEngine/Blueprints/Assets/Inventory/Painkiller.uasset" 1093
"E:/Projects/Clowns/Content/HorrorEngine/Blueprints/Assets/Inventory/Painkiller.uexp" 1094
"E:/Projects/Clowns/Content/HorrorEngine/Materials/MaterialInstances/MI_Color_White_01.uasset" 1095
"E:/Projects/Clowns/Content/HorrorEngine/Materials/MaterialInstances/MI_Color_White_01.uexp" 1096
"E:/Projects/Clowns/Content/HorrorEngine/Materials/MaterialInstances/MI_Color_Gold_01.uasset" 1097
"E:/Projects/Clowns/Content/HorrorEngine/Materials/MaterialInstances/MI_Color_Gold_01.uexp" 1098
"E:/Projects/Clowns/Content/HorrorEngine/Meshes/Preview_SM.ubulk" 1099
"E:/Projects/Clowns/Content/HorrorEngine/Meshes/Preview_SM.uasset" 1100
"E:/Projects/Clowns/Content/HorrorEngine/Meshes/Preview_SM.uexp" 1101
"E:/Projects/Clowns/Content/HorrorEngine/Blueprints/Assets/Inventory/CustomInspectable.uasset" 1102
"E:/Projects/Clowns/Content/HorrorEngine/Blueprints/Assets/Inventory/CustomInspectable.uexp" 1103
"E:/Projects/Clowns/Content/HorrorEngine/Blueprints/Assets/Inventory/CameroidPhotoDeveloped.uasset" 1104
"E:/Projects/Clowns/Content/HorrorEngine/Blueprints/Assets/Inventory/CameroidPhotoDeveloped.uexp" 1105
"E:/Projects/Clowns/Content/HorrorEngine/Blueprints/Core/Cameroid_Photo_Restore.uasset" 1106
"E:/Projects/Clowns/Content/HorrorEngine/Blueprints/Core/Cameroid_Photo_Restore.uexp" 1107
"E:/Projects/Clowns/Content/HorrorEngine/Meshes/Lighter_Off_SM.ubulk" 1108
"E:/Projects/Clowns/Content/HorrorEngine/Meshes/Lighter_Off_SM.uasset" 1109
"E:/Projects/Clowns/Content/HorrorEngine/Meshes/Lighter_Off_SM.uexp" 1110
"E:/Projects/Clowns/Content/HorrorEngine/Blueprints/Assets/Inventory/Lighter.uasset" 1111
"E:/Projects/Clowns/Content/HorrorEngine/Blueprints/Assets/Inventory/Lighter.uexp" 1112
"E:/Projects/Clowns/Content/HorrorEngine/Textures/HUD/Icon_LighterFluid.uasset" 1113
"E:/Projects/Clowns/Content/HorrorEngine/Textures/HUD/Icon_LighterFluid.uexp" 1114
"E:/Projects/Clowns/Content/HorrorEngine/Textures/T_LighterFluid_N.uasset" 1115
"E:/Projects/Clowns/Content/HorrorEngine/Textures/T_LighterFluid_N.uexp" 1116
"E:/Projects/Clowns/Content/HorrorEngine/Textures/T_LighterFluid_D.uasset" 1117
"E:/Projects/Clowns/Content/HorrorEngine/Textures/T_LighterFluid_D.uexp" 1118
"E:/Projects/Clowns/Content/HorrorEngine/Textures/T_LighterFluid_M.uasset" 1119
"E:/Projects/Clowns/Content/HorrorEngine/Textures/T_LighterFluid_M.uexp" 1120
"E:/Projects/Clowns/Content/HorrorEngine/Materials/MaterialInstances/MI_Lighter_Fluid.uasset" 1121
"E:/Projects/Clowns/Content/HorrorEngine/Materials/MaterialInstances/MI_Lighter_Fluid.uexp" 1122
"E:/Projects/Clowns/Content/HorrorEngine/Meshes/Lighter_Fluid_SM.ubulk" 1123
"E:/Projects/Clowns/Content/HorrorEngine/Meshes/Lighter_Fluid_SM.uasset" 1124
"E:/Projects/Clowns/Content/HorrorEngine/Meshes/Lighter_Fluid_SM.uexp" 1125
"E:/Projects/Clowns/Content/HorrorEngine/Blueprints/Assets/Inventory/LighterFluid.uasset" 1126
"E:/Projects/Clowns/Content/HorrorEngine/Blueprints/Assets/Inventory/LighterFluid.uexp" 1127
"E:/Projects/Clowns/Content/HorrorEngine/Blueprints/Structures/SaveGame/SaveGame_Gameplay.uasset" 1128
"E:/Projects/Clowns/Content/HorrorEngine/Blueprints/Structures/SaveGame/SaveGame_Gameplay.uexp" 1129
"E:/Projects/Clowns/Content/HorrorEngine/Blueprints/Enums/E_FPSLimit.uasset" 1130
"E:/Projects/Clowns/Content/HorrorEngine/Blueprints/Enums/E_FPSLimit.uexp" 1131
"E:/Projects/Clowns/Content/HorrorEngine/Blueprints/HE_VideoSettings.uasset" 1132
"E:/Projects/Clowns/Content/HorrorEngine/Blueprints/HE_VideoSettings.uexp" 1133
"E:/Projects/Clowns/Content/HorrorEngine/Blueprints/Structures/SaveGame/SaveGame_Physics.uasset" 1134
"E:/Projects/Clowns/Content/HorrorEngine/Blueprints/Structures/SaveGame/SaveGame_Physics.uexp" 1135
"E:/Projects/Clowns/Content/HorrorEngine/Blueprints/Structures/SaveGame/SaveGame_HorrorEvents.uasset" 1136
"E:/Projects/Clowns/Content/HorrorEngine/Blueprints/Structures/SaveGame/SaveGame_HorrorEvents.uexp" 1137
"E:/Projects/Clowns/Content/HorrorEngine/Blueprints/Structures/SaveGame/SaveGame_Streaming.uasset" 1138
"E:/Projects/Clowns/Content/HorrorEngine/Blueprints/Structures/SaveGame/SaveGame_Streaming.uexp" 1139
"E:/Projects/Clowns/Content/HorrorEngine/Blueprints/Core/HE_SaveGame.uasset" 1140
"E:/Projects/Clowns/Content/HorrorEngine/Blueprints/Core/HE_SaveGame.uexp" 1141
"E:/Projects/Clowns/Content/HorrorEngine/Materials/MaterialInstances/MI_Glowstick_Light.uasset" 1142
"E:/Projects/Clowns/Content/HorrorEngine/Materials/MaterialInstances/MI_Glowstick_Light.uexp" 1143
"E:/Projects/Clowns/Content/HorrorEngine/Textures/T_GlowStick_N.uasset" 1144
"E:/Projects/Clowns/Content/HorrorEngine/Textures/T_GlowStick_N.uexp" 1145
"E:/Projects/Clowns/Content/HorrorEngine/Textures/T_GlowStick_D.uasset" 1146
"E:/Projects/Clowns/Content/HorrorEngine/Textures/T_GlowStick_D.uexp" 1147
"E:/Projects/Clowns/Content/HorrorEngine/Materials/MaterialInstances/MI_Glowstick.uasset" 1148
"E:/Projects/Clowns/Content/HorrorEngine/Materials/MaterialInstances/MI_Glowstick.uexp" 1149
"E:/Projects/Clowns/Content/HorrorEngine/Meshes/GlowStick_SM.ubulk" 1150
"E:/Projects/Clowns/Content/HorrorEngine/Meshes/GlowStick_SM.uasset" 1151
"E:/Projects/Clowns/Content/HorrorEngine/Meshes/GlowStick_SM.uexp" 1152
"E:/Projects/Clowns/Content/HorrorEngine/Textures/HUD/Icon_Glowstick.uasset" 1153
"E:/Projects/Clowns/Content/HorrorEngine/Textures/HUD/Icon_Glowstick.uexp" 1154
"E:/Projects/Clowns/Content/HorrorEngine/Audio/Interactions/S_Glowstick.uasset" 1155
"E:/Projects/Clowns/Content/HorrorEngine/Audio/Interactions/S_Glowstick.uexp" 1156
"E:/Projects/Clowns/Content/HorrorEngine/Audio/Interactions/S_Glowstick_Cue.uasset" 1157
"E:/Projects/Clowns/Content/HorrorEngine/Audio/Interactions/S_Glowstick_Cue.uexp" 1158
"E:/Projects/Clowns/Content/HorrorEngine/Blueprints/Assets/Inventory/Glowstick.uasset" 1159
"E:/Projects/Clowns/Content/HorrorEngine/Blueprints/Assets/Inventory/Glowstick.uexp" 1160
"E:/Projects/Clowns/Content/HorrorEngine/Audio/_SoundSettings/ATT_PhysicsHit.uasset" 1161
"E:/Projects/Clowns/Content/HorrorEngine/Audio/_SoundSettings/ATT_PhysicsHit.uexp" 1162
"E:/Projects/Clowns/Content/HorrorEngine/Blueprints/Structures/Settings/Settings_Physics.uasset" 1163
"E:/Projects/Clowns/Content/HorrorEngine/Blueprints/Structures/Settings/Settings_Physics.uexp" 1164
"E:/Projects/Clowns/Content/HorrorEngine/Audio/Interactions/S_Ball_Hit_02.uasset" 1165
"E:/Projects/Clowns/Content/HorrorEngine/Audio/Interactions/S_Ball_Hit_02.uexp" 1166
"E:/Projects/Clowns/Content/HorrorEngine/Audio/Interactions/S_Ball_Hit_01.uasset" 1167
"E:/Projects/Clowns/Content/HorrorEngine/Audio/Interactions/S_Ball_Hit_01.uexp" 1168
"E:/Projects/Clowns/Content/HorrorEngine/Audio/Interactions/S_Ball_Hit_03.uasset" 1169
"E:/Projects/Clowns/Content/HorrorEngine/Audio/Interactions/S_Ball_Hit_03.uexp" 1170
"E:/Projects/Clowns/Content/HorrorEngine/Audio/Interactions/S_Ball_Hit_Cue.uasset" 1171
"E:/Projects/Clowns/Content/HorrorEngine/Audio/Interactions/S_Ball_Hit_Cue.uexp" 1172
"E:/Projects/Clowns/Content/HorrorEngine/Input/HE_Rotate.uasset" 1173
"E:/Projects/Clowns/Content/HorrorEngine/Input/HE_Rotate.uexp" 1174
"E:/Projects/Clowns/Content/HorrorEngine/Input/HE_Throw.uasset" 1175
"E:/Projects/Clowns/Content/HorrorEngine/Input/HE_Throw.uexp" 1176
"E:/Projects/Clowns/Content/HorrorEngine/Blueprints/Core/PhysicsObject.uasset" 1177
"E:/Projects/Clowns/Content/HorrorEngine/Blueprints/Core/PhysicsObject.uexp" 1178
"E:/Projects/Clowns/Content/HorrorEngine/Textures/T_Camera_Battery_D.uasset" 1179
"E:/Projects/Clowns/Content/HorrorEngine/Textures/T_Camera_Battery_D.uexp" 1180
"E:/Projects/Clowns/Content/HorrorEngine/Materials/MaterialInstances/MI_Camera_Battery.uasset" 1181
"E:/Projects/Clowns/Content/HorrorEngine/Materials/MaterialInstances/MI_Camera_Battery.uexp" 1182
"E:/Projects/Clowns/Content/HorrorEngine/Meshes/Camera_Battery_SM.ubulk" 1183
"E:/Projects/Clowns/Content/HorrorEngine/Meshes/Camera_Battery_SM.uasset" 1184
"E:/Projects/Clowns/Content/HorrorEngine/Meshes/Camera_Battery_SM.uexp" 1185
"E:/Projects/Clowns/Content/HorrorEngine/Textures/HUD/Icon_CameraBattery.uasset" 1186
"E:/Projects/Clowns/Content/HorrorEngine/Textures/HUD/Icon_CameraBattery.uexp" 1187
"E:/Projects/Clowns/Content/HorrorEngine/Blueprints/Assets/Inventory/CameraBattery.uasset" 1188
"E:/Projects/Clowns/Content/HorrorEngine/Blueprints/Assets/Inventory/CameraBattery.uexp" 1189
"E:/Projects/Clowns/Content/HorrorEngine/Textures/T_Flashlight_D.ubulk" 1190
"E:/Projects/Clowns/Content/HorrorEngine/Textures/T_Flashlight_D.uasset" 1191
"E:/Projects/Clowns/Content/HorrorEngine/Textures/T_Flashlight_D.uexp" 1192
"E:/Projects/Clowns/Content/HorrorEngine/Textures/T_Flashlight_M.ubulk" 1193
"E:/Projects/Clowns/Content/HorrorEngine/Textures/T_Flashlight_M.uasset" 1194
"E:/Projects/Clowns/Content/HorrorEngine/Textures/T_Flashlight_M.uexp" 1195
"E:/Projects/Clowns/Content/HorrorEngine/Materials/MaterialInstances/MI_Flashlight.uasset" 1196
"E:/Projects/Clowns/Content/HorrorEngine/Materials/MaterialInstances/MI_Flashlight.uexp" 1197
"E:/Projects/Clowns/Content/HorrorEngine/Meshes/Flashlight_SM.ubulk" 1198
"E:/Projects/Clowns/Content/HorrorEngine/Meshes/Flashlight_SM.uasset" 1199
"E:/Projects/Clowns/Content/HorrorEngine/Meshes/Flashlight_SM.uexp" 1200
"E:/Projects/Clowns/Content/HorrorEngine/Blueprints/Assets/Inventory/Flashlight.uasset" 1201
"E:/Projects/Clowns/Content/HorrorEngine/Blueprints/Assets/Inventory/Flashlight.uexp" 1202
"E:/Projects/Clowns/Content/HorrorEngine/Blueprints/Player/HE_GameInstance.uasset" 1203
"E:/Projects/Clowns/Content/HorrorEngine/Blueprints/Player/HE_GameInstance.uexp" 1204
"E:/Projects/Clowns/Content/HorrorEngine/Blueprints/Structures/HorrorEvent/HE_HideActors.uasset" 1205
"E:/Projects/Clowns/Content/HorrorEngine/Blueprints/Structures/HorrorEvent/HE_HideActors.uexp" 1206
"E:/Projects/Clowns/Content/HorrorEngine/Textures/HUD/Icon_CameroidPaperPack.ubulk" 1207
"E:/Projects/Clowns/Content/HorrorEngine/Textures/HUD/Icon_CameroidPaperPack.uasset" 1208
"E:/Projects/Clowns/Content/HorrorEngine/Textures/HUD/Icon_CameroidPaperPack.uexp" 1209
"E:/Projects/Clowns/Content/HorrorEngine/Textures/T_Cameroid_PaperPack_D.uasset" 1210
"E:/Projects/Clowns/Content/HorrorEngine/Textures/T_Cameroid_PaperPack_D.uexp" 1211
"E:/Projects/Clowns/Content/HorrorEngine/Materials/MaterialInstances/MI_Cameroid_PaperPack.uasset" 1212
"E:/Projects/Clowns/Content/HorrorEngine/Materials/MaterialInstances/MI_Cameroid_PaperPack.uexp" 1213
"E:/Projects/Clowns/Content/HorrorEngine/Meshes/Cameroid_PaperPack_SM.ubulk" 1214
"E:/Projects/Clowns/Content/HorrorEngine/Meshes/Cameroid_PaperPack_SM.uasset" 1215
"E:/Projects/Clowns/Content/HorrorEngine/Meshes/Cameroid_PaperPack_SM.uexp" 1216
"E:/Projects/Clowns/Content/HorrorEngine/Blueprints/Assets/Inventory/CameroidPaperPack.uasset" 1217
"E:/Projects/Clowns/Content/HorrorEngine/Blueprints/Assets/Inventory/CameroidPaperPack.uexp" 1218
"E:/Projects/Clowns/Content/HorrorEngine/Audio/Interactions/S_Take_Pistol_Cue.uasset" 1219
"E:/Projects/Clowns/Content/HorrorEngine/Audio/Interactions/S_Take_Pistol_Cue.uexp" 1220
"E:/Projects/Clowns/Content/HorrorEngine/Textures/T_Pistol_M.ubulk" 1221
"E:/Projects/Clowns/Content/HorrorEngine/Textures/T_Pistol_M.uasset" 1222
"E:/Projects/Clowns/Content/HorrorEngine/Textures/T_Pistol_M.uexp" 1223
"E:/Projects/Clowns/Content/HorrorEngine/Textures/T_Pistol_R.ubulk" 1224
"E:/Projects/Clowns/Content/HorrorEngine/Textures/T_Pistol_R.uasset" 1225
"E:/Projects/Clowns/Content/HorrorEngine/Textures/T_Pistol_R.uexp" 1226
"E:/Projects/Clowns/Content/HorrorEngine/Textures/T_Pistol_D.ubulk" 1227
"E:/Projects/Clowns/Content/HorrorEngine/Textures/T_Pistol_D.uasset" 1228
"E:/Projects/Clowns/Content/HorrorEngine/Textures/T_Pistol_D.uexp" 1229
"E:/Projects/Clowns/Content/HorrorEngine/Textures/T_Pistol_N.ubulk" 1230
"E:/Projects/Clowns/Content/HorrorEngine/Textures/T_Pistol_N.uasset" 1231
"E:/Projects/Clowns/Content/HorrorEngine/Textures/T_Pistol_N.uexp" 1232
"E:/Projects/Clowns/Content/HorrorEngine/Materials/M_Pistol.uasset" 1233
"E:/Projects/Clowns/Content/HorrorEngine/Materials/M_Pistol.uexp" 1234
"E:/Projects/Clowns/Content/HorrorEngine/Meshes/Pistol_SM.ubulk" 1235
"E:/Projects/Clowns/Content/HorrorEngine/Meshes/Pistol_SM.uasset" 1236
"E:/Projects/Clowns/Content/HorrorEngine/Meshes/Pistol_SM.uexp" 1237
"E:/Projects/Clowns/Content/HorrorEngine/Meshes/Pistol_Top_SM.ubulk" 1238
"E:/Projects/Clowns/Content/HorrorEngine/Meshes/Pistol_Top_SM.uasset" 1239
"E:/Projects/Clowns/Content/HorrorEngine/Meshes/Pistol_Top_SM.uexp" 1240
"E:/Projects/Clowns/Content/HorrorEngine/Blueprints/Assets/Inventory/Pistol.uasset" 1241
"E:/Projects/Clowns/Content/HorrorEngine/Blueprints/Assets/Inventory/Pistol.uexp" 1242
"E:/Projects/Clowns/Content/HorrorEngine/Textures/T_Brick_Noise_D.uasset" 1243
"E:/Projects/Clowns/Content/HorrorEngine/Textures/T_Brick_Noise_D.uexp" 1244
"E:/Projects/Clowns/Content/HorrorEngine/Textures/T_Cameroid_D.ubulk" 1245
"E:/Projects/Clowns/Content/HorrorEngine/Textures/T_Cameroid_D.uasset" 1246
"E:/Projects/Clowns/Content/HorrorEngine/Textures/T_Cameroid_D.uexp" 1247
"E:/Projects/Clowns/Content/HorrorEngine/Materials/MaterialInstances/MI_Cameroid.uasset" 1248
"E:/Projects/Clowns/Content/HorrorEngine/Materials/MaterialInstances/MI_Cameroid.uexp" 1249
"E:/Projects/Clowns/Content/HorrorEngine/Textures/T_Camera_D.ubulk" 1250
"E:/Projects/Clowns/Content/HorrorEngine/Textures/T_Camera_D.uasset" 1251
"E:/Projects/Clowns/Content/HorrorEngine/Textures/T_Camera_D.uexp" 1252
"E:/Projects/Clowns/Content/HorrorEngine/Materials/MaterialInstances/MI_Camera.uasset" 1253
"E:/Projects/Clowns/Content/HorrorEngine/Materials/MaterialInstances/MI_Camera.uexp" 1254
"E:/Projects/Clowns/Content/HorrorEngine/Meshes/Camera_SM.ubulk" 1255
"E:/Projects/Clowns/Content/HorrorEngine/Meshes/Camera_SM.uasset" 1256
"E:/Projects/Clowns/Content/HorrorEngine/Meshes/Camera_SM.uexp" 1257
"E:/Projects/Clowns/Content/HorrorEngine/Materials/MaterialInstances/MI_Color_Black_02.uasset" 1258
"E:/Projects/Clowns/Content/HorrorEngine/Materials/MaterialInstances/MI_Color_Black_02.uexp" 1259
"E:/Projects/Clowns/Content/HorrorEngine/Meshes/Cameroid_SM.ubulk" 1260
"E:/Projects/Clowns/Content/HorrorEngine/Meshes/Cameroid_SM.uasset" 1261
"E:/Projects/Clowns/Content/HorrorEngine/Meshes/Cameroid_SM.uexp" 1262
"E:/Projects/Clowns/Content/HorrorEngine/Blueprints/Assets/Inventory/Cameroid.uasset" 1263
"E:/Projects/Clowns/Content/HorrorEngine/Blueprints/Assets/Inventory/Cameroid.uexp" 1264
"E:/Projects/Clowns/Content/HorrorEngine/Textures/HUD/Icon_Overlap.uasset" 1265
"E:/Projects/Clowns/Content/HorrorEngine/Textures/HUD/Icon_Overlap.uexp" 1266
"E:/Projects/Clowns/Content/HorrorEngine/Blueprints/Assets/Triggers/Trigger_Overlap.uasset" 1267
"E:/Projects/Clowns/Content/HorrorEngine/Blueprints/Assets/Triggers/Trigger_Overlap.uexp" 1268
"E:/Projects/Clowns/Content/HorrorEngine/Blueprints/Assets/Inventory/Camera.uasset" 1269
"E:/Projects/Clowns/Content/HorrorEngine/Blueprints/Assets/Inventory/Camera.uexp" 1270
"E:/Projects/Clowns/Content/HorrorEngine/Blueprints/Core/HE_SaveGameComponent.uasset" 1271
"E:/Projects/Clowns/Content/HorrorEngine/Blueprints/Core/HE_SaveGameComponent.uexp" 1272
"E:/Projects/Clowns/Content/HorrorEngine/Audio/Elecronics/S_E-Door_Close_Hit.uasset" 1273
"E:/Projects/Clowns/Content/HorrorEngine/Audio/Elecronics/S_E-Door_Close_Hit.uexp" 1274
"E:/Projects/Clowns/Content/HorrorEngine/Audio/Elecronics/S_E-Door_Close_Hit_Cue.uasset" 1275
"E:/Projects/Clowns/Content/HorrorEngine/Audio/Elecronics/S_E-Door_Close_Hit_Cue.uexp" 1276
"E:/Projects/Clowns/Content/HorrorEngine/Audio/Elecronics/S_E-Door_Close.uasset" 1277
"E:/Projects/Clowns/Content/HorrorEngine/Audio/Elecronics/S_E-Door_Close.uexp" 1278
"E:/Projects/Clowns/Content/HorrorEngine/Audio/Elecronics/S_E-Door_Close_Loop.uasset" 1279
"E:/Projects/Clowns/Content/HorrorEngine/Audio/Elecronics/S_E-Door_Close_Loop.uexp" 1280
"E:/Projects/Clowns/Content/HorrorEngine/Audio/Elecronics/S_E-Door_Close_Cue.uasset" 1281
"E:/Projects/Clowns/Content/HorrorEngine/Audio/Elecronics/S_E-Door_Close_Cue.uexp" 1282
"E:/Projects/Clowns/Content/HorrorEngine/Blueprints/Assets/Interactables/Security_Door.uasset" 1283
"E:/Projects/Clowns/Content/HorrorEngine/Blueprints/Assets/Interactables/Security_Door.uexp" 1284
"E:/Projects/Clowns/Content/HorrorEngine/Audio/Elecronics/S_Keycard_Unlock.uasset" 1285
"E:/Projects/Clowns/Content/HorrorEngine/Audio/Elecronics/S_Keycard_Unlock.uexp" 1286
"E:/Projects/Clowns/Content/HorrorEngine/Audio/Elecronics/S_Keycard_Unlock_Cue.uasset" 1287
"E:/Projects/Clowns/Content/HorrorEngine/Audio/Elecronics/S_Keycard_Unlock_Cue.uexp" 1288
"E:/Projects/Clowns/Content/HorrorEngine/Textures/T_Digit_0_D.uasset" 1289
"E:/Projects/Clowns/Content/HorrorEngine/Textures/T_Digit_0_D.uexp" 1290
"E:/Projects/Clowns/Content/HorrorEngine/Materials/M_Security_Control_Screen.uasset" 1291
"E:/Projects/Clowns/Content/HorrorEngine/Materials/M_Security_Control_Screen.uexp" 1292
"E:/Projects/Clowns/Content/HorrorEngine/Textures/T_Digit_Lock_D.uasset" 1293
"E:/Projects/Clowns/Content/HorrorEngine/Textures/T_Digit_Lock_D.uexp" 1294
"E:/Projects/Clowns/Content/HorrorEngine/Textures/T_Digit_Open_D.uasset" 1295
"E:/Projects/Clowns/Content/HorrorEngine/Textures/T_Digit_Open_D.uexp" 1296
"E:/Projects/Clowns/Content/HorrorEngine/Audio/Elecronics/S_Keycard_Denied.uasset" 1297
"E:/Projects/Clowns/Content/HorrorEngine/Audio/Elecronics/S_Keycard_Denied.uexp" 1298
"E:/Projects/Clowns/Content/HorrorEngine/Audio/Elecronics/S_Keycard_Denied_Cue.uasset" 1299
"E:/Projects/Clowns/Content/HorrorEngine/Audio/Elecronics/S_Keycard_Denied_Cue.uexp" 1300
"E:/Projects/Clowns/Content/HorrorEngine/Audio/Elecronics/S_Keycard_Lock.uasset" 1301
"E:/Projects/Clowns/Content/HorrorEngine/Audio/Elecronics/S_Keycard_Lock.uexp" 1302
"E:/Projects/Clowns/Content/HorrorEngine/Audio/Elecronics/S_Keycard_Lock_Cue.uasset" 1303
"E:/Projects/Clowns/Content/HorrorEngine/Audio/Elecronics/S_Keycard_Lock_Cue.uexp" 1304
"E:/Projects/Clowns/Content/HorrorEngine/Textures/T_Digit_Wrong_D.uasset" 1305
"E:/Projects/Clowns/Content/HorrorEngine/Textures/T_Digit_Wrong_D.uexp" 1306
"E:/Projects/Clowns/Content/HorrorEngine/Textures/T_Security_Control_Card_D.ubulk" 1307
"E:/Projects/Clowns/Content/HorrorEngine/Textures/T_Security_Control_Card_D.uasset" 1308
"E:/Projects/Clowns/Content/HorrorEngine/Textures/T_Security_Control_Card_D.uexp" 1309
"E:/Projects/Clowns/Content/HorrorEngine/Textures/T_Security_Control_D.ubulk" 1310
"E:/Projects/Clowns/Content/HorrorEngine/Textures/T_Security_Control_D.uasset" 1311
"E:/Projects/Clowns/Content/HorrorEngine/Textures/T_Security_Control_D.uexp" 1312
"E:/Projects/Clowns/Content/HorrorEngine/Materials/MaterialInstances/MI_Security_Control.uasset" 1313
"E:/Projects/Clowns/Content/HorrorEngine/Materials/MaterialInstances/MI_Security_Control.uexp" 1314
"E:/Projects/Clowns/Content/HorrorEngine/Meshes/Security_Control_SM.ubulk" 1315
"E:/Projects/Clowns/Content/HorrorEngine/Meshes/Security_Control_SM.uasset" 1316
"E:/Projects/Clowns/Content/HorrorEngine/Meshes/Security_Control_SM.uexp" 1317
"E:/Projects/Clowns/Content/HorrorEngine/Blueprints/Assets/Interactables/Security_Control_Card.uasset" 1318
"E:/Projects/Clowns/Content/HorrorEngine/Blueprints/Assets/Interactables/Security_Control_Card.uexp" 1319
"E:/Projects/Clowns/Content/HorrorEngine/Blueprints/Structures/SaveGame/SaveGame_Inventory.uasset" 1320
"E:/Projects/Clowns/Content/HorrorEngine/Blueprints/Structures/SaveGame/SaveGame_Inventory.uexp" 1321
"E:/Projects/Clowns/Content/HorrorEngine/Audio/Elecronics/S_VHS_Player_FastReverseEnd.uasset" 1322
"E:/Projects/Clowns/Content/HorrorEngine/Audio/Elecronics/S_VHS_Player_FastReverseEnd.uexp" 1323
"E:/Projects/Clowns/Content/HorrorEngine/Audio/Elecronics/S_VHS_Player_FastReverse_End_Cue.uasset" 1324
"E:/Projects/Clowns/Content/HorrorEngine/Audio/Elecronics/S_VHS_Player_FastReverse_End_Cue.uexp" 1325
"E:/Projects/Clowns/Content/HorrorEngine/Textures/T_Empty_Black_D.uasset" 1326
"E:/Projects/Clowns/Content/HorrorEngine/Textures/T_Empty_Black_D.uexp" 1327
"E:/Projects/Clowns/Content/HorrorEngine/Textures/T_VHS_Player_Multi_D.uasset" 1328
"E:/Projects/Clowns/Content/HorrorEngine/Textures/T_VHS_Player_Multi_D.uexp" 1329
"E:/Projects/Clowns/Content/HorrorEngine/Textures/T_VHS_Player.uasset" 1330
"E:/Projects/Clowns/Content/HorrorEngine/Textures/T_VHS_Player.uexp" 1331
"E:/Projects/Clowns/Content/HorrorEngine/Textures/T_VHS_Player_N.uasset" 1332
"E:/Projects/Clowns/Content/HorrorEngine/Textures/T_VHS_Player_N.uexp" 1333
"E:/Projects/Clowns/Content/HorrorEngine/Materials/M_VHS_Player.uasset" 1334
"E:/Projects/Clowns/Content/HorrorEngine/Materials/M_VHS_Player.uexp" 1335
"E:/Projects/Clowns/Content/HorrorEngine/Meshes/VHS_Player_SM.ubulk" 1336
"E:/Projects/Clowns/Content/HorrorEngine/Meshes/VHS_Player_SM.uasset" 1337
"E:/Projects/Clowns/Content/HorrorEngine/Meshes/VHS_Player_SM.uexp" 1338
"E:/Projects/Clowns/Content/HorrorEngine/Textures/T_VHS_Player_Rew_M.uasset" 1339
"E:/Projects/Clowns/Content/HorrorEngine/Textures/T_VHS_Player_Rew_M.uexp" 1340
"E:/Projects/Clowns/Content/HorrorEngine/Audio/Elecronics/S_VHS_Player_Play_Loop.uasset" 1341
"E:/Projects/Clowns/Content/HorrorEngine/Audio/Elecronics/S_VHS_Player_Play_Loop.uexp" 1342
"E:/Projects/Clowns/Content/HorrorEngine/Audio/Elecronics/S_VHS_Player_PlayStart.uasset" 1343
"E:/Projects/Clowns/Content/HorrorEngine/Audio/Elecronics/S_VHS_Player_PlayStart.uexp" 1344
"E:/Projects/Clowns/Content/HorrorEngine/Audio/Elecronics/S_VHS_Player_Play_Cue.uasset" 1345
"E:/Projects/Clowns/Content/HorrorEngine/Audio/Elecronics/S_VHS_Player_Play_Cue.uexp" 1346
"E:/Projects/Clowns/Content/HorrorEngine/Meshes/VHS_Player_Button_SM.ubulk" 1347
"E:/Projects/Clowns/Content/HorrorEngine/Meshes/VHS_Player_Button_SM.uasset" 1348
"E:/Projects/Clowns/Content/HorrorEngine/Meshes/VHS_Player_Button_SM.uexp" 1349
"E:/Projects/Clowns/Content/HorrorEngine/Audio/Elecronics/S_VHS_Player_Insert_03.uasset" 1350
"E:/Projects/Clowns/Content/HorrorEngine/Audio/Elecronics/S_VHS_Player_Insert_03.uexp" 1351
"E:/Projects/Clowns/Content/HorrorEngine/Audio/Elecronics/S_VHS_Player_Insert_01.uasset" 1352
"E:/Projects/Clowns/Content/HorrorEngine/Audio/Elecronics/S_VHS_Player_Insert_01.uexp" 1353
"E:/Projects/Clowns/Content/HorrorEngine/Audio/Elecronics/S_VHS_Player_Insert_02.uasset" 1354
"E:/Projects/Clowns/Content/HorrorEngine/Audio/Elecronics/S_VHS_Player_Insert_02.uexp" 1355
"E:/Projects/Clowns/Content/HorrorEngine/Audio/Elecronics/S_VHS_Player_Insert_Cue.uasset" 1356
"E:/Projects/Clowns/Content/HorrorEngine/Audio/Elecronics/S_VHS_Player_Insert_Cue.uexp" 1357
"E:/Projects/Clowns/Content/HorrorEngine/Audio/Elecronics/S_VHS_Insert_01.uasset" 1358
"E:/Projects/Clowns/Content/HorrorEngine/Audio/Elecronics/S_VHS_Insert_01.uexp" 1359
"E:/Projects/Clowns/Content/HorrorEngine/Audio/Elecronics/S_VHS_Insert_02.uasset" 1360
"E:/Projects/Clowns/Content/HorrorEngine/Audio/Elecronics/S_VHS_Insert_02.uexp" 1361
"E:/Projects/Clowns/Content/HorrorEngine/Audio/Elecronics/S_VHS_Insert_Cue.uasset" 1362
"E:/Projects/Clowns/Content/HorrorEngine/Audio/Elecronics/S_VHS_Insert_Cue.uexp" 1363
"E:/Projects/Clowns/Content/HorrorEngine/Textures/T_VHS_Player_Ready_M.uasset" 1364
"E:/Projects/Clowns/Content/HorrorEngine/Textures/T_VHS_Player_Ready_M.uexp" 1365
"E:/Projects/Clowns/Content/HorrorEngine/Textures/T_VHS_Player_Play_M.uasset" 1366
"E:/Projects/Clowns/Content/HorrorEngine/Textures/T_VHS_Player_Play_M.uexp" 1367
"E:/Projects/Clowns/Content/HorrorEngine/Materials/M_VHS_Player_Part.uasset" 1368
"E:/Projects/Clowns/Content/HorrorEngine/Materials/M_VHS_Player_Part.uexp" 1369
"E:/Projects/Clowns/Content/HorrorEngine/Meshes/VHS_Player_Part_SM.ubulk" 1370
"E:/Projects/Clowns/Content/HorrorEngine/Meshes/VHS_Player_Part_SM.uasset" 1371
"E:/Projects/Clowns/Content/HorrorEngine/Meshes/VHS_Player_Part_SM.uexp" 1372
"E:/Projects/Clowns/Content/HorrorEngine/Audio/Elecronics/S_VHS_Eject_01.uasset" 1373
"E:/Projects/Clowns/Content/HorrorEngine/Audio/Elecronics/S_VHS_Eject_01.uexp" 1374
"E:/Projects/Clowns/Content/HorrorEngine/Audio/Elecronics/S_VHS_Eject_02.uasset" 1375
"E:/Projects/Clowns/Content/HorrorEngine/Audio/Elecronics/S_VHS_Eject_02.uexp" 1376
"E:/Projects/Clowns/Content/HorrorEngine/Audio/Elecronics/S_VHS_Eject_Cue.uasset" 1377
"E:/Projects/Clowns/Content/HorrorEngine/Audio/Elecronics/S_VHS_Eject_Cue.uexp" 1378
"E:/Projects/Clowns/Content/HorrorEngine/Audio/Elecronics/S_VHS_Player_Off_03.uasset" 1379
"E:/Projects/Clowns/Content/HorrorEngine/Audio/Elecronics/S_VHS_Player_Off_03.uexp" 1380
"E:/Projects/Clowns/Content/HorrorEngine/Audio/Elecronics/S_VHS_Player_Off_01.uasset" 1381
"E:/Projects/Clowns/Content/HorrorEngine/Audio/Elecronics/S_VHS_Player_Off_01.uexp" 1382
"E:/Projects/Clowns/Content/HorrorEngine/Audio/Elecronics/S_VHS_Player_Off_02.uasset" 1383
"E:/Projects/Clowns/Content/HorrorEngine/Audio/Elecronics/S_VHS_Player_Off_02.uexp" 1384
"E:/Projects/Clowns/Content/HorrorEngine/Audio/Elecronics/S_VHS_Player_Off_Cue.uasset" 1385
"E:/Projects/Clowns/Content/HorrorEngine/Audio/Elecronics/S_VHS_Player_Off_Cue.uexp" 1386
"E:/Projects/Clowns/Content/HorrorEngine/Textures/T_VHS_Player_StandBy_M.uasset" 1387
"E:/Projects/Clowns/Content/HorrorEngine/Textures/T_VHS_Player_StandBy_M.uexp" 1388
"E:/Projects/Clowns/Content/HorrorEngine/Audio/Elecronics/S_VHS_Player_On_03.uasset" 1389
"E:/Projects/Clowns/Content/HorrorEngine/Audio/Elecronics/S_VHS_Player_On_03.uexp" 1390
"E:/Projects/Clowns/Content/HorrorEngine/Audio/Elecronics/S_VHS_Player_On_02.uasset" 1391
"E:/Projects/Clowns/Content/HorrorEngine/Audio/Elecronics/S_VHS_Player_On_02.uexp" 1392
"E:/Projects/Clowns/Content/HorrorEngine/Audio/Elecronics/S_VHS_Player_On_01.uasset" 1393
"E:/Projects/Clowns/Content/HorrorEngine/Audio/Elecronics/S_VHS_Player_On_01.uexp" 1394
"E:/Projects/Clowns/Content/HorrorEngine/Audio/Elecronics/S_VHS_Player_On_Cue.uasset" 1395
"E:/Projects/Clowns/Content/HorrorEngine/Audio/Elecronics/S_VHS_Player_On_Cue.uexp" 1396
"E:/Projects/Clowns/Content/HorrorEngine/Audio/Elecronics/S_VHS_Player_Eject_01.uasset" 1397
"E:/Projects/Clowns/Content/HorrorEngine/Audio/Elecronics/S_VHS_Player_Eject_01.uexp" 1398
"E:/Projects/Clowns/Content/HorrorEngine/Audio/Elecronics/S_VHS_Player_Eject_02.uasset" 1399
"E:/Projects/Clowns/Content/HorrorEngine/Audio/Elecronics/S_VHS_Player_Eject_02.uexp" 1400
"E:/Projects/Clowns/Content/HorrorEngine/Audio/Elecronics/S_VHS_Player_Eject_Cue.uasset" 1401
"E:/Projects/Clowns/Content/HorrorEngine/Audio/Elecronics/S_VHS_Player_Eject_Cue.uexp" 1402
"E:/Projects/Clowns/Content/HorrorEngine/Audio/Elecronics/S_VHS_Player_FastReverse_Loop.uasset" 1403
"E:/Projects/Clowns/Content/HorrorEngine/Audio/Elecronics/S_VHS_Player_FastReverse_Loop.uexp" 1404
"E:/Projects/Clowns/Content/HorrorEngine/Audio/Elecronics/S_VHS_Player_FastReverse_Start.uasset" 1405
"E:/Projects/Clowns/Content/HorrorEngine/Audio/Elecronics/S_VHS_Player_FastReverse_Start.uexp" 1406
"E:/Projects/Clowns/Content/HorrorEngine/Audio/Elecronics/S_VHS_Player_FastReverse_Cue.uasset" 1407
"E:/Projects/Clowns/Content/HorrorEngine/Audio/Elecronics/S_VHS_Player_FastReverse_Cue.uexp" 1408
"E:/Projects/Clowns/Content/HorrorEngine/Blueprints/Enums/E_TransfromType.uasset" 1409
"E:/Projects/Clowns/Content/HorrorEngine/Blueprints/Enums/E_TransfromType.uexp" 1410
"E:/Projects/Clowns/Content/HorrorEngine/Textures/T_VHS_Player_Stop_M.uasset" 1411
"E:/Projects/Clowns/Content/HorrorEngine/Textures/T_VHS_Player_Stop_M.uexp" 1412
"E:/Projects/Clowns/Content/HorrorEngine/Textures/T_VHS_Player_Wait_M.uasset" 1413
"E:/Projects/Clowns/Content/HorrorEngine/Textures/T_VHS_Player_Wait_M.uexp" 1414
"E:/Projects/Clowns/Content/HorrorEngine/Blueprints/Assets/Interactables/VHS_Player.uasset" 1415
"E:/Projects/Clowns/Content/HorrorEngine/Blueprints/Assets/Interactables/VHS_Player.uexp" 1416
"E:/Projects/Clowns/Content/HorrorEngine/Audio/_SoundSettings/ATT_TV.uasset" 1417
"E:/Projects/Clowns/Content/HorrorEngine/Audio/_SoundSettings/ATT_TV.uexp" 1418
"E:/Projects/Clowns/Content/HorrorEngine/Textures/T_ScreenNoise_D.uasset" 1419
"E:/Projects/Clowns/Content/HorrorEngine/Textures/T_ScreenNoise_D.uexp" 1420
"E:/Projects/Clowns/Content/HorrorEngine/Materials/M_Noise.uasset" 1421
"E:/Projects/Clowns/Content/HorrorEngine/Materials/M_Noise.uexp" 1422
"E:/Projects/Clowns/Content/HorrorEngine/Audio/Interactions/S_Button_Off_05.uasset" 1423
"E:/Projects/Clowns/Content/HorrorEngine/Audio/Interactions/S_Button_Off_05.uexp" 1424
"E:/Projects/Clowns/Content/HorrorEngine/Audio/Interactions/S_Button_Off_04.uasset" 1425
"E:/Projects/Clowns/Content/HorrorEngine/Audio/Interactions/S_Button_Off_04.uexp" 1426
"E:/Projects/Clowns/Content/HorrorEngine/Audio/Interactions/S_Button_Off_06.uasset" 1427
"E:/Projects/Clowns/Content/HorrorEngine/Audio/Interactions/S_Button_Off_06.uexp" 1428
"E:/Projects/Clowns/Content/HorrorEngine/Audio/Interactions/S_Button_Off_03.uasset" 1429
"E:/Projects/Clowns/Content/HorrorEngine/Audio/Interactions/S_Button_Off_03.uexp" 1430
"E:/Projects/Clowns/Content/HorrorEngine/Audio/Interactions/S_Button_Off_01.uasset" 1431
"E:/Projects/Clowns/Content/HorrorEngine/Audio/Interactions/S_Button_Off_01.uexp" 1432
"E:/Projects/Clowns/Content/HorrorEngine/Audio/Interactions/S_Button_Off_02.uasset" 1433
"E:/Projects/Clowns/Content/HorrorEngine/Audio/Interactions/S_Button_Off_02.uexp" 1434
"E:/Projects/Clowns/Content/HorrorEngine/Audio/Interactions/S_Button_Off_Cue.uasset" 1435
"E:/Projects/Clowns/Content/HorrorEngine/Audio/Interactions/S_Button_Off_Cue.uexp" 1436
"E:/Projects/Clowns/Content/HorrorEngine/Audio/Elecronics/S_TV_Noise.uasset" 1437
"E:/Projects/Clowns/Content/HorrorEngine/Audio/Elecronics/S_TV_Noise.uexp" 1438
"E:/Projects/Clowns/Content/HorrorEngine/Audio/Elecronics/S_TV_Noise_Cue.uasset" 1439
"E:/Projects/Clowns/Content/HorrorEngine/Audio/Elecronics/S_TV_Noise_Cue.uexp" 1440
"E:/Projects/Clowns/Content/HorrorEngine/Audio/Interactions/S_Button_On_06.uasset" 1441
"E:/Projects/Clowns/Content/HorrorEngine/Audio/Interactions/S_Button_On_06.uexp" 1442
"E:/Projects/Clowns/Content/HorrorEngine/Audio/Interactions/S_Button_On_02.uasset" 1443
"E:/Projects/Clowns/Content/HorrorEngine/Audio/Interactions/S_Button_On_02.uexp" 1444
"E:/Projects/Clowns/Content/HorrorEngine/Audio/Interactions/S_Button_On_03.uasset" 1445
"E:/Projects/Clowns/Content/HorrorEngine/Audio/Interactions/S_Button_On_03.uexp" 1446
"E:/Projects/Clowns/Content/HorrorEngine/Audio/Interactions/S_Button_On_05.uasset" 1447
"E:/Projects/Clowns/Content/HorrorEngine/Audio/Interactions/S_Button_On_05.uexp" 1448
"E:/Projects/Clowns/Content/HorrorEngine/Audio/Interactions/S_Button_On_01.uasset" 1449
"E:/Projects/Clowns/Content/HorrorEngine/Audio/Interactions/S_Button_On_01.uexp" 1450
"E:/Projects/Clowns/Content/HorrorEngine/Audio/Interactions/S_Button_On_04.uasset" 1451
"E:/Projects/Clowns/Content/HorrorEngine/Audio/Interactions/S_Button_On_04.uexp" 1452
"E:/Projects/Clowns/Content/HorrorEngine/Audio/Interactions/S_Button_On_Cue.uasset" 1453
"E:/Projects/Clowns/Content/HorrorEngine/Audio/Interactions/S_Button_On_Cue.uexp" 1454
"E:/Projects/Clowns/Content/HorrorEngine/Materials/M_VHS_Glow.uasset" 1455
"E:/Projects/Clowns/Content/HorrorEngine/Materials/M_VHS_Glow.uexp" 1456
"E:/Projects/Clowns/Content/HorrorEngine/Materials/MaterialInstances/MI_VHS_Glow_Green.uasset" 1457
"E:/Projects/Clowns/Content/HorrorEngine/Materials/MaterialInstances/MI_VHS_Glow_Green.uexp" 1458
"E:/Projects/Clowns/Content/HorrorEngine/Meshes/TV_Old_SM.ubulk" 1459
"E:/Projects/Clowns/Content/HorrorEngine/Meshes/TV_Old_SM.uasset" 1460
"E:/Projects/Clowns/Content/HorrorEngine/Meshes/TV_Old_SM.uexp" 1461
"E:/Projects/Clowns/Content/HorrorEngine/Materials/MaterialInstances/MI_VHS_Glow_Blue.uasset" 1462
"E:/Projects/Clowns/Content/HorrorEngine/Materials/MaterialInstances/MI_VHS_Glow_Blue.uexp" 1463
"E:/Projects/Clowns/Content/HorrorEngine/Media/Materials/M_VHS_Media.uasset" 1464
"E:/Projects/Clowns/Content/HorrorEngine/Media/Materials/M_VHS_Media.uexp" 1465
"E:/Projects/Clowns/Content/HorrorEngine/Meshes/TV_Old_Button_SM.ubulk" 1466
"E:/Projects/Clowns/Content/HorrorEngine/Meshes/TV_Old_Button_SM.uasset" 1467
"E:/Projects/Clowns/Content/HorrorEngine/Meshes/TV_Old_Button_SM.uexp" 1468
"E:/Projects/Clowns/Content/HorrorEngine/Materials/MaterialInstances/MI_VHS_Glow_Red.uasset" 1469
"E:/Projects/Clowns/Content/HorrorEngine/Materials/MaterialInstances/MI_VHS_Glow_Red.uexp" 1470
"E:/Projects/Clowns/Content/HorrorEngine/Materials/M_VHS_BlankScreen.uasset" 1471
"E:/Projects/Clowns/Content/HorrorEngine/Materials/M_VHS_BlankScreen.uexp" 1472
"E:/Projects/Clowns/Content/HorrorEngine/Materials/M_Noise_Glow.uasset" 1473
"E:/Projects/Clowns/Content/HorrorEngine/Materials/M_Noise_Glow.uexp" 1474
"E:/Projects/Clowns/Content/HorrorEngine/Blueprints/Assets/Interactables/TV_Old.uasset" 1475
"E:/Projects/Clowns/Content/HorrorEngine/Blueprints/Assets/Interactables/TV_Old.uexp" 1476
"E:/Projects/Clowns/Content/HorrorEngine/Media/MP_TV.uasset" 1477
"E:/Projects/Clowns/Content/HorrorEngine/Media/MP_TV.uexp" 1478
"E:/Projects/Clowns/Content/HorrorEngine/Media/Textures/MT_TV.uasset" 1479
"E:/Projects/Clowns/Content/HorrorEngine/Media/Textures/MT_TV.uexp" 1480
"E:/Projects/Clowns/Content/HorrorEngine/Materials/M_TV_Glow.uasset" 1481
"E:/Projects/Clowns/Content/HorrorEngine/Materials/M_TV_Glow.uexp" 1482
"E:/Projects/Clowns/Content/HorrorEngine/Materials/MaterialInstances/MI_TV_Glow_Blue.uasset" 1483
"E:/Projects/Clowns/Content/HorrorEngine/Materials/MaterialInstances/MI_TV_Glow_Blue.uexp" 1484
"E:/Projects/Clowns/Content/HorrorEngine/Materials/MaterialInstances/MI_TV_Glow_Red.uasset" 1485
"E:/Projects/Clowns/Content/HorrorEngine/Materials/MaterialInstances/MI_TV_Glow_Red.uexp" 1486
"E:/Projects/Clowns/Content/HorrorEngine/Materials/MaterialInstances/MI_Color_Black_01.uasset" 1487
"E:/Projects/Clowns/Content/HorrorEngine/Materials/MaterialInstances/MI_Color_Black_01.uexp" 1488
"E:/Projects/Clowns/Content/HorrorEngine/Meshes/TV_SM.ubulk" 1489
"E:/Projects/Clowns/Content/HorrorEngine/Meshes/TV_SM.uasset" 1490
"E:/Projects/Clowns/Content/HorrorEngine/Meshes/TV_SM.uexp" 1491
"E:/Projects/Clowns/Content/HorrorEngine/Media/Materials/M_TV_Media.uasset" 1492
"E:/Projects/Clowns/Content/HorrorEngine/Media/Materials/M_TV_Media.uexp" 1493
"E:/Projects/Clowns/Content/HorrorEngine/Materials/MaterialInstances/MI_TV_Glow_Green.uasset" 1494
"E:/Projects/Clowns/Content/HorrorEngine/Materials/MaterialInstances/MI_TV_Glow_Green.uexp" 1495
"E:/Projects/Clowns/Content/HorrorEngine/Blueprints/Assets/Interactables/TV.uasset" 1496
"E:/Projects/Clowns/Content/HorrorEngine/Blueprints/Assets/Interactables/TV.uexp" 1497
"E:/Projects/Clowns/Content/HorrorEngine/Blueprints/Core/HE_Macros.uasset" 1498
"E:/Projects/Clowns/Content/HorrorEngine/Blueprints/Core/HE_Macros.uexp" 1499
"E:/Projects/Clowns/Content/HorrorEngine/Audio/Interactions/S_Paper_Draw.uasset" 1500
"E:/Projects/Clowns/Content/HorrorEngine/Audio/Interactions/S_Paper_Draw.uexp" 1501
"E:/Projects/Clowns/Content/HorrorEngine/Audio/Interactions/S_Paper_Draw_Cue.uasset" 1502
"E:/Projects/Clowns/Content/HorrorEngine/Audio/Interactions/S_Paper_Draw_Cue.uexp" 1503
"E:/Projects/Clowns/Content/HorrorEngine/Textures/T_Diary_D.uasset" 1504
"E:/Projects/Clowns/Content/HorrorEngine/Textures/T_Diary_D.uexp" 1505
"E:/Projects/Clowns/Content/HorrorEngine/Textures/T_Diary_N.uasset" 1506
"E:/Projects/Clowns/Content/HorrorEngine/Textures/T_Diary_N.uexp" 1507
"E:/Projects/Clowns/Content/HorrorEngine/Materials/MaterialInstances/MI_Diary.uasset" 1508
"E:/Projects/Clowns/Content/HorrorEngine/Materials/MaterialInstances/MI_Diary.uexp" 1509
"E:/Projects/Clowns/Content/HorrorEngine/Meshes/Diary_SM.ubulk" 1510
"E:/Projects/Clowns/Content/HorrorEngine/Meshes/Diary_SM.uasset" 1511
"E:/Projects/Clowns/Content/HorrorEngine/Meshes/Diary_SM.uexp" 1512
"E:/Projects/Clowns/Content/HorrorEngine/Blueprints/Assets/Inventory/Diary.uasset" 1513
"E:/Projects/Clowns/Content/HorrorEngine/Blueprints/Assets/Inventory/Diary.uexp" 1514
"E:/Projects/Clowns/Content/HorrorEngine/Blueprints/Structures/HorrorEvent/HE_LoadStream.uasset" 1515
"E:/Projects/Clowns/Content/HorrorEngine/Blueprints/Structures/HorrorEvent/HE_LoadStream.uexp" 1516
"E:/Projects/Clowns/Content/HorrorEngine/Blueprints/Structures/HorrorEvent/HE_Levels.uasset" 1517
"E:/Projects/Clowns/Content/HorrorEngine/Blueprints/Structures/HorrorEvent/HE_Levels.uexp" 1518
"E:/Projects/Clowns/Content/HorrorEngine/Blueprints/Core/HorrorEvents.uasset" 1519
"E:/Projects/Clowns/Content/HorrorEngine/Blueprints/Core/HorrorEvents.uexp" 1520
"E:/Projects/Clowns/Content/HorrorEngine/Blueprints/Core/Use.uasset" 1521
"E:/Projects/Clowns/Content/HorrorEngine/Blueprints/Core/Use.uexp" 1522
"E:/Projects/Clowns/Content/HorrorEngine/Blueprints/Structures/HorrorEvent/HE_ActorInteractions.uasset" 1523
"E:/Projects/Clowns/Content/HorrorEngine/Blueprints/Structures/HorrorEvent/HE_ActorInteractions.uexp" 1524
"E:/Projects/Clowns/Content/HorrorEngine/Blueprints/Structures/HorrorEvent/HE_Environment.uasset" 1525
"E:/Projects/Clowns/Content/HorrorEngine/Blueprints/Structures/HorrorEvent/HE_Environment.uexp" 1526
"E:/Projects/Clowns/Content/HorrorEngine/Blueprints/Structures/HorrorEvent/HorrorEvent.uasset" 1527
"E:/Projects/Clowns/Content/HorrorEngine/Blueprints/Structures/HorrorEvent/HorrorEvent.uexp" 1528
"E:/Projects/Clowns/Content/HorrorEngine/Blueprints/Structures/HorrorEvent/HorrorEventsMaster.uasset" 1529
"E:/Projects/Clowns/Content/HorrorEngine/Blueprints/Structures/HorrorEvent/HorrorEventsMaster.uexp" 1530
"E:/Projects/Clowns/Content/HorrorEngine/Blueprints/Assets/Inventory/VHS.uasset" 1531
"E:/Projects/Clowns/Content/HorrorEngine/Blueprints/Assets/Inventory/VHS.uexp" 1532
"E:/Projects/Clowns/Content/HorrorEngine/Textures/HUD/Icon_Pivot.uasset" 1533
"E:/Projects/Clowns/Content/HorrorEngine/Textures/HUD/Icon_Pivot.uexp" 1534
"E:/Projects/Clowns/Content/HorrorEngine/Input/HE_Look.uasset" 1535
"E:/Projects/Clowns/Content/HorrorEngine/Input/HE_Look.uexp" 1536
"E:/Projects/Clowns/Content/HorrorEngine/Input/HE_Examine.uasset" 1537
"E:/Projects/Clowns/Content/HorrorEngine/Input/HE_Examine.uexp" 1538
"E:/Projects/Clowns/Content/HorrorEngine/Input/HE_Inventory.uasset" 1539
"E:/Projects/Clowns/Content/HorrorEngine/Input/HE_Inventory.uexp" 1540
"E:/Projects/Clowns/Content/HorrorEngine/Blueprints/Core/Inspectable.uasset" 1541
"E:/Projects/Clowns/Content/HorrorEngine/Blueprints/Core/Inspectable.uexp" 1542
"E:/Projects/Clowns/Content/HorrorEngine/Blueprints/Widgets/MainHUD/Notice_WB.uasset" 1543
"E:/Projects/Clowns/Content/HorrorEngine/Blueprints/Widgets/MainHUD/Notice_WB.uexp" 1544
"E:/Projects/Clowns/Content/HorrorEngine/Blueprints/Core/HE_Functions.uasset" 1545
"E:/Projects/Clowns/Content/HorrorEngine/Blueprints/Core/HE_Functions.uexp" 1546
"E:/Projects/Clowns/Content/HorrorEngine/Blueprints/Widgets/MainMenu/InputActionSelector_WB.uasset" 1547
"E:/Projects/Clowns/Content/HorrorEngine/Blueprints/Widgets/MainMenu/InputActionSelector_WB.uexp" 1548
"E:/Projects/Clowns/Content/HorrorEngine/Blueprints/Widgets/MainMenu/ShowFPS_WB.uasset" 1549
"E:/Projects/Clowns/Content/HorrorEngine/Blueprints/Widgets/MainMenu/ShowFPS_WB.uexp" 1550
"E:/Projects/Clowns/Content/HorrorEngine/Audio/_SoundSettings/SCM_HorrorEngine.uasset" 1551
"E:/Projects/Clowns/Content/HorrorEngine/Audio/_SoundSettings/SCM_HorrorEngine.uexp" 1552
"E:/Projects/Clowns/Content/HorrorEngine/Input/HE_Run.uasset" 1553
"E:/Projects/Clowns/Content/HorrorEngine/Input/HE_Run.uexp" 1554
"E:/Projects/Clowns/Content/HorrorEngine/Input/HE_Move.uasset" 1555
"E:/Projects/Clowns/Content/HorrorEngine/Input/HE_Move.uexp" 1556
"E:/Projects/Clowns/Content/HorrorEngine/Input/HE_Focus.uasset" 1557
"E:/Projects/Clowns/Content/HorrorEngine/Input/HE_Focus.uexp" 1558
"E:/Projects/Clowns/Content/HorrorEngine/Input/HE_Cameroid.uasset" 1559
"E:/Projects/Clowns/Content/HorrorEngine/Input/HE_Cameroid.uexp" 1560
"E:/Projects/Clowns/Content/HorrorEngine/Input/HE_QuickLoad.uasset" 1561
"E:/Projects/Clowns/Content/HorrorEngine/Input/HE_QuickLoad.uexp" 1562
"E:/Projects/Clowns/Content/HorrorEngine/Input/HE_Torch.uasset" 1563
"E:/Projects/Clowns/Content/HorrorEngine/Input/HE_Torch.uexp" 1564
"E:/Projects/Clowns/Content/HorrorEngine/Input/HE_Glowstick.uasset" 1565
"E:/Projects/Clowns/Content/HorrorEngine/Input/HE_Glowstick.uexp" 1566
"E:/Projects/Clowns/Content/HorrorEngine/Input/HE_MainMenu.uasset" 1567
"E:/Projects/Clowns/Content/HorrorEngine/Input/HE_MainMenu.uexp" 1568
"E:/Projects/Clowns/Content/HorrorEngine/Input/HE_Crouch.uasset" 1569
"E:/Projects/Clowns/Content/HorrorEngine/Input/HE_Crouch.uexp" 1570
"E:/Projects/Clowns/Content/HorrorEngine/Input/HE_Lean.uasset" 1571
"E:/Projects/Clowns/Content/HorrorEngine/Input/HE_Lean.uexp" 1572
"E:/Projects/Clowns/Content/HorrorEngine/Input/HE_Lighter.uasset" 1573
"E:/Projects/Clowns/Content/HorrorEngine/Input/HE_Lighter.uexp" 1574
"E:/Projects/Clowns/Content/HorrorEngine/Input/HE_Reload.uasset" 1575
"E:/Projects/Clowns/Content/HorrorEngine/Input/HE_Reload.uexp" 1576
"E:/Projects/Clowns/Content/HorrorEngine/Input/HE_Unequip.uasset" 1577
"E:/Projects/Clowns/Content/HorrorEngine/Input/HE_Unequip.uexp" 1578
"E:/Projects/Clowns/Content/HorrorEngine/Input/HE_Fire.uasset" 1579
"E:/Projects/Clowns/Content/HorrorEngine/Input/HE_Fire.uexp" 1580
"E:/Projects/Clowns/Content/HorrorEngine/Input/HE_Nightvision.uasset" 1581
"E:/Projects/Clowns/Content/HorrorEngine/Input/HE_Nightvision.uexp" 1582
"E:/Projects/Clowns/Content/HorrorEngine/Input/HE_Jump.uasset" 1583
"E:/Projects/Clowns/Content/HorrorEngine/Input/HE_Jump.uexp" 1584
"E:/Projects/Clowns/Content/HorrorEngine/Input/HE_Pistol.uasset" 1585
"E:/Projects/Clowns/Content/HorrorEngine/Input/HE_Pistol.uexp" 1586
"E:/Projects/Clowns/Content/HorrorEngine/Input/HE_Flashlight.uasset" 1587
"E:/Projects/Clowns/Content/HorrorEngine/Input/HE_Flashlight.uexp" 1588
"E:/Projects/Clowns/Content/HorrorEngine/Input/IMC_HorrorEngine.uasset" 1589
"E:/Projects/Clowns/Content/HorrorEngine/Input/IMC_HorrorEngine.uexp" 1590
"E:/Projects/Clowns/Content/HorrorEngine/Blueprints/Widgets/MainMenu/Settings_WB.uasset" 1591
"E:/Projects/Clowns/Content/HorrorEngine/Blueprints/Widgets/MainMenu/Settings_WB.uexp" 1592
"E:/Projects/Clowns/Content/HorrorEngine/Blueprints/Widgets/MainMenu/LoadButton_WB.uasset" 1593
"E:/Projects/Clowns/Content/HorrorEngine/Blueprints/Widgets/MainMenu/LoadButton_WB.uexp" 1594
"E:/Projects/Clowns/Content/HorrorEngine/Blueprints/Widgets/MainMenu/LoadGame_WB.uasset" 1595
"E:/Projects/Clowns/Content/HorrorEngine/Blueprints/Widgets/MainMenu/LoadGame_WB.uexp" 1596
"E:/Projects/Clowns/Content/HorrorEngine/Blueprints/Widgets/MainMenu/MenuButton_WB.uasset" 1597
"E:/Projects/Clowns/Content/HorrorEngine/Blueprints/Widgets/MainMenu/MenuButton_WB.uexp" 1598
"E:/Projects/Clowns/Content/HorrorEngine/Blueprints/Widgets/MainMenu/MainMenu_WB.uasset" 1599
"E:/Projects/Clowns/Content/HorrorEngine/Blueprints/Widgets/MainMenu/MainMenu_WB.uexp" 1600
"E:/Projects/Clowns/Content/HorrorEngine/Audio/_SoundSettings/Reverb_Dizziness.uasset" 1601
"E:/Projects/Clowns/Content/HorrorEngine/Audio/_SoundSettings/Reverb_Dizziness.uexp" 1602
"E:/Projects/Clowns/Content/HorrorEngine/Particles/Textures/T_Shot_D.ubulk" 1603
"E:/Projects/Clowns/Content/HorrorEngine/Particles/Textures/T_Shot_D.uasset" 1604
"E:/Projects/Clowns/Content/HorrorEngine/Particles/Textures/T_Shot_D.uexp" 1605
"E:/Projects/Clowns/Content/HorrorEngine/Particles/Materials/M_Shot.uasset" 1606
"E:/Projects/Clowns/Content/HorrorEngine/Particles/Materials/M_Shot.uexp" 1607
"E:/Projects/Clowns/Content/HorrorEngine/Particles/Textures/T_Steam_D.ubulk" 1608
"E:/Projects/Clowns/Content/HorrorEngine/Particles/Textures/T_Steam_D.uasset" 1609
"E:/Projects/Clowns/Content/HorrorEngine/Particles/Textures/T_Steam_D.uexp" 1610
"E:/Projects/Clowns/Content/HorrorEngine/Particles/Textures/T_Smoke_D.ubulk" 1611
"E:/Projects/Clowns/Content/HorrorEngine/Particles/Textures/T_Smoke_D.uasset" 1612
"E:/Projects/Clowns/Content/HorrorEngine/Particles/Textures/T_Smoke_D.uexp" 1613
"E:/Projects/Clowns/Content/HorrorEngine/Particles/Materials/M_Smoke.uasset" 1614
"E:/Projects/Clowns/Content/HorrorEngine/Particles/Materials/M_Smoke.uexp" 1615
"E:/Projects/Clowns/Content/HorrorEngine/Particles/P_Shot.uasset" 1616
"E:/Projects/Clowns/Content/HorrorEngine/Particles/P_Shot.uexp" 1617
"E:/Projects/Clowns/Content/HorrorEngine/Blueprints/Core/CameraShake_Walking.uasset" 1618
"E:/Projects/Clowns/Content/HorrorEngine/Blueprints/Core/CameraShake_Walking.uexp" 1619
"E:/Projects/Clowns/Content/HorrorEngine/Particles/Textures/T_LighterFlame_D.ubulk" 1620
"E:/Projects/Clowns/Content/HorrorEngine/Particles/Textures/T_LighterFlame_D.uasset" 1621
"E:/Projects/Clowns/Content/HorrorEngine/Particles/Textures/T_LighterFlame_D.uexp" 1622
"E:/Projects/Clowns/Content/HorrorEngine/Particles/Materials/M_LighterFlame.uasset" 1623
"E:/Projects/Clowns/Content/HorrorEngine/Particles/Materials/M_LighterFlame.uexp" 1624
"E:/Projects/Clowns/Content/HorrorEngine/Particles/P_LighterFlame.uasset" 1625
"E:/Projects/Clowns/Content/HorrorEngine/Particles/P_LighterFlame.uexp" 1626
"E:/Projects/Clowns/Content/HorrorEngine/Blueprints/Core/Cameroid_Input.uasset" 1627
"E:/Projects/Clowns/Content/HorrorEngine/Blueprints/Core/Cameroid_Input.uexp" 1628
"E:/Projects/Clowns/Content/HorrorEngine/Textures/HUD/Icon_Flash_Off.ubulk" 1629
"E:/Projects/Clowns/Content/HorrorEngine/Textures/HUD/Icon_Flash_Off.uasset" 1630
"E:/Projects/Clowns/Content/HorrorEngine/Textures/HUD/Icon_Flash_Off.uexp" 1631
"E:/Projects/Clowns/Content/HorrorEngine/Textures/HUD/Icon_Flash_On.ubulk" 1632
"E:/Projects/Clowns/Content/HorrorEngine/Textures/HUD/Icon_Flash_On.uasset" 1633
"E:/Projects/Clowns/Content/HorrorEngine/Textures/HUD/Icon_Flash_On.uexp" 1634
"E:/Projects/Clowns/Content/HorrorEngine/Textures/HUD/IMG_Viewfinder.uasset" 1635
"E:/Projects/Clowns/Content/HorrorEngine/Textures/HUD/IMG_Viewfinder.uexp" 1636
"E:/Projects/Clowns/Content/HorrorEngine/Blueprints/Widgets/MainHUD/Cameroid_ViewFinder_WB.uasset" 1637
"E:/Projects/Clowns/Content/HorrorEngine/Blueprints/Widgets/MainHUD/Cameroid_ViewFinder_WB.uexp" 1638
"E:/Projects/Clowns/Content/HorrorEngine/Particles/Textures/T_Fire_Diled_D.ubulk" 1639
"E:/Projects/Clowns/Content/HorrorEngine/Particles/Textures/T_Fire_Diled_D.uasset" 1640
"E:/Projects/Clowns/Content/HorrorEngine/Particles/Textures/T_Fire_Diled_D.uexp" 1641
"E:/Projects/Clowns/Content/HorrorEngine/Particles/Textures/T_Fire_D.ubulk" 1642
"E:/Projects/Clowns/Content/HorrorEngine/Particles/Textures/T_Fire_D.uasset" 1643
"E:/Projects/Clowns/Content/HorrorEngine/Particles/Textures/T_Fire_D.uexp" 1644
"E:/Projects/Clowns/Content/HorrorEngine/Particles/Materials/M_Fire.uasset" 1645
"E:/Projects/Clowns/Content/HorrorEngine/Particles/Materials/M_Fire.uexp" 1646
"E:/Projects/Clowns/Content/HorrorEngine/Particles/P_Fire.uasset" 1647
"E:/Projects/Clowns/Content/HorrorEngine/Particles/P_Fire.uexp" 1648
"E:/Projects/Clowns/Content/HorrorEngine/Meshes/Lighter_On_SM.ubulk" 1649
"E:/Projects/Clowns/Content/HorrorEngine/Meshes/Lighter_On_SM.uasset" 1650
"E:/Projects/Clowns/Content/HorrorEngine/Meshes/Lighter_On_SM.uexp" 1651
"E:/Projects/Clowns/Content/HorrorEngine/Blueprints/Widgets/MainHUD/NightVision_WB.uasset" 1652
"E:/Projects/Clowns/Content/HorrorEngine/Blueprints/Widgets/MainHUD/NightVision_WB.uexp" 1653
"../../../Engine/Content/EngineFonts/RobotoDistanceField.uasset" 1654
"../../../Engine/Content/EngineFonts/RobotoDistanceField.uexp" 1655
"E:/Projects/Clowns/Content/HorrorEngine/Materials/M_Text.uasset" 1656
"E:/Projects/Clowns/Content/HorrorEngine/Materials/M_Text.uexp" 1657
"E:/Projects/Clowns/Content/HorrorEngine/Materials/MaterialInstances/MI_Color_Brown_02.uasset" 1658
"E:/Projects/Clowns/Content/HorrorEngine/Materials/MaterialInstances/MI_Color_Brown_02.uexp" 1659
"E:/Projects/Clowns/Content/HorrorEngine/Meshes/Ladder_Top_SM.ubulk" 1660
"E:/Projects/Clowns/Content/HorrorEngine/Meshes/Ladder_Top_SM.uasset" 1661
"E:/Projects/Clowns/Content/HorrorEngine/Meshes/Ladder_Top_SM.uexp" 1662
"E:/Projects/Clowns/Content/HorrorEngine/Meshes/Ladder_Bottom_SM.ubulk" 1663
"E:/Projects/Clowns/Content/HorrorEngine/Meshes/Ladder_Bottom_SM.uasset" 1664
"E:/Projects/Clowns/Content/HorrorEngine/Meshes/Ladder_Bottom_SM.uexp" 1665
"E:/Projects/Clowns/Content/HorrorEngine/Meshes/Ladder_Middle_SM.ubulk" 1666
"E:/Projects/Clowns/Content/HorrorEngine/Meshes/Ladder_Middle_SM.uasset" 1667
"E:/Projects/Clowns/Content/HorrorEngine/Meshes/Ladder_Middle_SM.uexp" 1668
"E:/Projects/Clowns/Content/HorrorEngine/Meshes/Ladder_Connect_SM.ubulk" 1669
"E:/Projects/Clowns/Content/HorrorEngine/Meshes/Ladder_Connect_SM.uasset" 1670
"E:/Projects/Clowns/Content/HorrorEngine/Meshes/Ladder_Connect_SM.uexp" 1671
"E:/Projects/Clowns/Content/HorrorEngine/Blueprints/Core/CameraShake_Ladder.uasset" 1672
"E:/Projects/Clowns/Content/HorrorEngine/Blueprints/Core/CameraShake_Ladder.uexp" 1673
"E:/Projects/Clowns/Content/HorrorEngine/Blueprints/Assets/Interactables/Ladder.uasset" 1674
"E:/Projects/Clowns/Content/HorrorEngine/Blueprints/Assets/Interactables/Ladder.uexp" 1675
"E:/Projects/Clowns/Content/HorrorEngine/Textures/HUD/Logo_UE.uasset" 1676
"E:/Projects/Clowns/Content/HorrorEngine/Textures/HUD/Logo_UE.uexp" 1677
"E:/Projects/Clowns/Content/HorrorEngine/Textures/HUD/Logo_TE.uasset" 1678
"E:/Projects/Clowns/Content/HorrorEngine/Textures/HUD/Logo_TE.uexp" 1679
"E:/Projects/Clowns/Content/HorrorEngine/Blueprints/Widgets/MainHUD/Intro_WB.uasset" 1680
"E:/Projects/Clowns/Content/HorrorEngine/Blueprints/Widgets/MainHUD/Intro_WB.uexp" 1681
"E:/Projects/Clowns/Content/HorrorEngine/Textures/HUD/Icon_Look.uasset" 1682
"E:/Projects/Clowns/Content/HorrorEngine/Textures/HUD/Icon_Look.uexp" 1683
"E:/Projects/Clowns/Content/HorrorEngine/Blueprints/Assets/Triggers/Trigger_Look.uasset" 1684
"E:/Projects/Clowns/Content/HorrorEngine/Blueprints/Assets/Triggers/Trigger_Look.uexp" 1685
"E:/Projects/Clowns/Content/HorrorEngine/Blueprints/Enums/E_FootstepActionsEnum.uasset" 1686
"E:/Projects/Clowns/Content/HorrorEngine/Blueprints/Enums/E_FootstepActionsEnum.uexp" 1687
"E:/Projects/Clowns/Content/HorrorEngine/Blueprints/Core/CameraShake_Landed.uasset" 1688
"E:/Projects/Clowns/Content/HorrorEngine/Blueprints/Core/CameraShake_Landed.uexp" 1689
"E:/Projects/Clowns/Content/HorrorEngine/Blueprints/Widgets/MainHUD/Pistol_WB.uasset" 1690
"E:/Projects/Clowns/Content/HorrorEngine/Blueprints/Widgets/MainHUD/Pistol_WB.uexp" 1691
"E:/Projects/Clowns/Content/HorrorEngine/Blueprints/Player/HorrorEngine.uasset" 1692
"E:/Projects/Clowns/Content/HorrorEngine/Blueprints/Player/HorrorEngine.uexp" 1693
"E:/Projects/Clowns/Content/Survival_Man/Meshes/PA_Survival_Man.uasset" 1694
"E:/Projects/Clowns/Content/Survival_Man/Meshes/PA_Survival_Man.uexp" 1695
"E:/Projects/Clowns/Content/HorrorEngine/Blueprints/Player/HE_Character.uasset" 1696
"E:/Projects/Clowns/Content/HorrorEngine/Blueprints/Player/HE_Character.uexp" 1697
"E:/Projects/Clowns/Content/HorrorEngine/Blueprints/Player/HE_GameMode.uasset" 1698
"E:/Projects/Clowns/Content/HorrorEngine/Blueprints/Player/HE_GameMode.uexp" 1699
"../../../Engine/Content/EngineResources/DefaultTextureCube.uasset" 1700
"../../../Engine/Content/EngineResources/DefaultTextureCube.uexp" 1701
"../../../Engine/Content/EngineResources/DefaultVolumeTexture2D.uasset" 1702
"../../../Engine/Content/EngineResources/DefaultVolumeTexture2D.uexp" 1703
"../../../Engine/Content/EngineResources/DefaultVolumeTexture.uasset" 1704
"../../../Engine/Content/EngineResources/DefaultVolumeTexture.uexp" 1705
"../../../Engine/Content/EngineMaterials/Substrate/Volume/SubstrateSimpleVolumeEnvLUT3D.uasset" 1706
"../../../Engine/Content/EngineMaterials/Substrate/Volume/SubstrateSimpleVolumeEnvLUT3D.uexp" 1707
"../../../Engine/Content/EngineMaterials/Substrate/Volume/SubstrateSimpleVolumeLUT3D.uasset" 1708
"../../../Engine/Content/EngineMaterials/Substrate/Volume/SubstrateSimpleVolumeLUT3D.uexp" 1709
"../../../Engine/Content/Functions/Engine_MaterialFunctions01/Shading/ConvertFromDiffSpec.uasset" 1710
"../../../Engine/Content/Functions/Engine_MaterialFunctions01/Shading/ConvertFromDiffSpec.uexp" 1711
"../../../Engine/Content/Functions/Engine_MaterialFunctions01/Shading/PowerToRoughness.uasset" 1712
"../../../Engine/Content/Functions/Engine_MaterialFunctions01/Shading/PowerToRoughness.uexp" 1713
"../../../Engine/Content/BasicShapes/BasicShapeMaterial.uasset" 1714
"../../../Engine/Content/BasicShapes/BasicShapeMaterial.uexp" 1715
"../../../Engine/Content/EditorMaterials/Dataflow/DataflowTwoSidedVertexMaterial.uasset" 1716
"../../../Engine/Content/EditorMaterials/Dataflow/DataflowTwoSidedVertexMaterial.uexp" 1717
"../../../Engine/Content/EditorMaterials/Dataflow/DataflowVertexMaterial.uasset" 1718
"../../../Engine/Content/EditorMaterials/Dataflow/DataflowVertexMaterial.uexp" 1719
"../../../Engine/Content/EditorMaterials/PhAT_NoCollisionMaterial.uasset" 1720
"../../../Engine/Content/EditorMaterials/PhAT_NoCollisionMaterial.uexp" 1721
"../../../Engine/Content/EditorMaterials/PhAT_UnselectedMaterial.uasset" 1722
"../../../Engine/Content/EditorMaterials/PhAT_UnselectedMaterial.uexp" 1723
"../../../Engine/Content/EditorMaterials/PreviewShadowIndicator.ubulk" 1724
"../../../Engine/Content/EditorMaterials/PreviewShadowIndicator.uasset" 1725
"../../../Engine/Content/EditorMaterials/PreviewShadowIndicator.uexp" 1726
"../../../Engine/Content/EditorMaterials/PreviewShadowIndicatorMaterial.uasset" 1727
"../../../Engine/Content/EditorMaterials/PreviewShadowIndicatorMaterial.uexp" 1728
"../../../Engine/Content/EngineDebugMaterials/DebugEditorMaterial.uasset" 1729
"../../../Engine/Content/EngineDebugMaterials/DebugEditorMaterial.uexp" 1730
"../../../Engine/Content/EngineDebugMaterials/DebugMeshMaterial.uasset" 1731
"../../../Engine/Content/EngineDebugMaterials/DebugMeshMaterial.uexp" 1732
"../../../Engine/Content/EngineDebugMaterials/M_SimpleUnlitTranslucent.uasset" 1733
"../../../Engine/Content/EngineDebugMaterials/M_SimpleUnlitTranslucent.uexp" 1734
"../../../Engine/Content/Functions/Engine_MaterialFunctions02/Utility/CameraDirectionVector.uasset" 1735
"../../../Engine/Content/Functions/Engine_MaterialFunctions02/Utility/CameraDirectionVector.uexp" 1736
"../../../Engine/Content/EngineDebugMaterials/VolumeToRender.uasset" 1737
"../../../Engine/Content/EngineDebugMaterials/VolumeToRender.uexp" 1738
"../../../Engine/Content/EngineDebugMaterials/M_VolumeRenderSphereTracePP.uasset" 1739
"../../../Engine/Content/EngineDebugMaterials/M_VolumeRenderSphereTracePP.uexp" 1740
"../../../Engine/Content/EngineMaterials/DefaultDeferredDecalMaterial.uasset" 1741
"../../../Engine/Content/EngineMaterials/DefaultDeferredDecalMaterial.uexp" 1742
"../../../Engine/Content/EngineMaterials/DefaultLightFunctionMaterial.uasset" 1743
"../../../Engine/Content/EngineMaterials/DefaultLightFunctionMaterial.uexp" 1744
"../../../Engine/Content/EngineMaterials/DefaultPostProcessMaterial.uasset" 1745
"../../../Engine/Content/EngineMaterials/DefaultPostProcessMaterial.uexp" 1746
"../../../Engine/Content/EngineMaterials/DefaultTextMaterialOpaque.uasset" 1747
"../../../Engine/Content/EngineMaterials/DefaultTextMaterialOpaque.uexp" 1748
"../../../Engine/Content/EngineMaterials/DefaultWhiteGrid_Low.uasset" 1749
"../../../Engine/Content/EngineMaterials/DefaultWhiteGrid_Low.uexp" 1750
"../../../Engine/Content/EngineMaterials/EmissiveMeshMaterial.uasset" 1751
"../../../Engine/Content/EngineMaterials/EmissiveMeshMaterial.uexp" 1752
"../../../Engine/Content/EngineMaterials/BaseFlattenNormalMap.uasset" 1753
"../../../Engine/Content/EngineMaterials/BaseFlattenNormalMap.uexp" 1754
"../../../Engine/Content/EngineMaterials/BaseFlattenGrayscaleMap.uasset" 1755
"../../../Engine/Content/EngineMaterials/BaseFlattenGrayscaleMap.uexp" 1756
"../../../Engine/Content/EngineMaterials/BaseFlattenDiffuseMap.uasset" 1757
"../../../Engine/Content/EngineMaterials/BaseFlattenDiffuseMap.uexp" 1758
"../../../Engine/Content/Functions/Engine_MaterialFunctions02/PivotPainter2/Black_1x1_EXR_Texture.uasset" 1759
"../../../Engine/Content/Functions/Engine_MaterialFunctions02/PivotPainter2/Black_1x1_EXR_Texture.uexp" 1760
"../../../Engine/Content/EngineMaterials/BaseFlattenEmissiveMap.uasset" 1761
"../../../Engine/Content/EngineMaterials/BaseFlattenEmissiveMap.uexp" 1762
"../../../Engine/Content/EngineMaterials/BaseFlattenLinearColor.uasset" 1763
"../../../Engine/Content/EngineMaterials/BaseFlattenLinearColor.uexp" 1764
"../../../Engine/Content/EngineMaterials/FlattenMaterial.uasset" 1765
"../../../Engine/Content/EngineMaterials/FlattenMaterial.uexp" 1766
"../../../Engine/Content/EngineMaterials/BaseFlattenEmissiveMap_VT.uasset" 1767
"../../../Engine/Content/EngineMaterials/BaseFlattenEmissiveMap_VT.uexp" 1768
"../../../Engine/Content/EngineMaterials/BaseFlattenGrayscaleMap_VT.uasset" 1769
"../../../Engine/Content/EngineMaterials/BaseFlattenGrayscaleMap_VT.uexp" 1770
"../../../Engine/Content/EngineMaterials/BaseFlattenLinearColor_VT.uasset" 1771
"../../../Engine/Content/EngineMaterials/BaseFlattenLinearColor_VT.uexp" 1772
"../../../Engine/Content/EngineMaterials/Black_1x1_EXR_Texture_VT.uasset" 1773
"../../../Engine/Content/EngineMaterials/Black_1x1_EXR_Texture_VT.uexp" 1774
"../../../Engine/Content/EngineMaterials/BaseFlattenDiffuseMap_VT.uasset" 1775
"../../../Engine/Content/EngineMaterials/BaseFlattenDiffuseMap_VT.uexp" 1776
"../../../Engine/Content/EngineMaterials/BaseFlattenNormalMap_VT.uasset" 1777
"../../../Engine/Content/EngineMaterials/BaseFlattenNormalMap_VT.uexp" 1778
"../../../Engine/Content/EngineMaterials/FlattenMaterial_VT.uasset" 1779
"../../../Engine/Content/EngineMaterials/FlattenMaterial_VT.uexp" 1780
"../../../Engine/Content/EngineMaterials/FlattenMaterial_WS_Normal_VT.uasset" 1781
"../../../Engine/Content/EngineMaterials/FlattenMaterial_WS_Normal_VT.uexp" 1782
"../../../Engine/Content/EngineMaterials/GizmoMaterial.uasset" 1783
"../../../Engine/Content/EngineMaterials/GizmoMaterial.uexp" 1784
"../../../Engine/Content/EngineMaterials/InvalidLightmapSettings.ubulk" 1785
"../../../Engine/Content/EngineMaterials/InvalidLightmapSettings.uasset" 1786
"../../../Engine/Content/EngineMaterials/InvalidLightmapSettings.uexp" 1787
"../../../Engine/Content/EngineMaterials/M_InvalidLightmapSettings.uasset" 1788
"../../../Engine/Content/EngineMaterials/M_InvalidLightmapSettings.uexp" 1789
"../../../Engine/Content/EngineMaterials/NaniteHiddenSectionMaterial.uasset" 1790
"../../../Engine/Content/EngineMaterials/NaniteHiddenSectionMaterial.uexp" 1791
"../../../Engine/Content/Functions/Engine_MaterialFunctions02/WorldPositionOffset/CameraOffset.uasset" 1792
"../../../Engine/Content/Functions/Engine_MaterialFunctions02/WorldPositionOffset/CameraOffset.uexp" 1793
"../../../Engine/Content/EngineMaterials/PhAT_JointLimitMaterial.uasset" 1794
"../../../Engine/Content/EngineMaterials/PhAT_JointLimitMaterial.uexp" 1795
"../../../Engine/Content/EngineMaterials/DefaultCalibrationColor.uasset" 1796
"../../../Engine/Content/EngineMaterials/DefaultCalibrationColor.uexp" 1797
"../../../Engine/Content/EngineMaterials/PPM_DefaultCalibrationColor.uasset" 1798
"../../../Engine/Content/EngineMaterials/PPM_DefaultCalibrationColor.uexp" 1799
"../../../Engine/Content/EngineMaterials/DefaultCalibrationGrayscale.uasset" 1800
"../../../Engine/Content/EngineMaterials/DefaultCalibrationGrayscale.uexp" 1801
"../../../Engine/Content/EngineMaterials/PPM_DefaultCalibrationGrayscale.uasset" 1802
"../../../Engine/Content/EngineMaterials/PPM_DefaultCalibrationGrayscale.uexp" 1803
"../../../Engine/Content/EngineMaterials/RemoveSurfaceMaterial.uasset" 1804
"../../../Engine/Content/EngineMaterials/RemoveSurfaceMaterial.uexp" 1805
"../../../Engine/Plugins/Animation/ControlRig/Content/Controls/ControlRigGizmoMaterial.uasset" 1806
"../../../Engine/Plugins/Animation/ControlRig/Content/Controls/ControlRigGizmoMaterial.uexp" 1807
"../../../Engine/Plugins/Animation/ControlRig/Content/Controls/ControlRigXRayMaterial.uasset" 1808
"../../../Engine/Plugins/Animation/ControlRig/Content/Controls/ControlRigXRayMaterial.uexp" 1809
"../../../Engine/Plugins/Editor/SpeedTreeImporter/Content/SpeedTree9/game_wind_noise.ubulk" 1810
"../../../Engine/Plugins/Editor/SpeedTreeImporter/Content/SpeedTree9/game_wind_noise.uasset" 1811
"../../../Engine/Plugins/Editor/SpeedTreeImporter/Content/SpeedTree9/game_wind_noise.uexp" 1812
"../../../Engine/Plugins/Editor/SpeedTreeImporter/Content/SpeedTree9/UnpackDirection.uasset" 1813
"../../../Engine/Plugins/Editor/SpeedTreeImporter/Content/SpeedTree9/UnpackDirection.uexp" 1814
"../../../Engine/Content/Functions/Engine_MaterialFunctions02/ObjectLocalBounds.uasset" 1815
"../../../Engine/Content/Functions/Engine_MaterialFunctions02/ObjectLocalBounds.uexp" 1816
"../../../Engine/Content/Functions/Engine_MaterialFunctions02/Utility/BreakOutFloat3Components.uasset" 1817
"../../../Engine/Content/Functions/Engine_MaterialFunctions02/Utility/BreakOutFloat3Components.uexp" 1818
"../../../Engine/Content/Functions/Engine_MaterialFunctions02/UVs/BoundingBoxBased_0-1_UVW.uasset" 1819
"../../../Engine/Content/Functions/Engine_MaterialFunctions02/UVs/BoundingBoxBased_0-1_UVW.uexp" 1820
"../../../Engine/Plugins/Editor/SpeedTreeImporter/Content/SpeedTree9/SpeedTreeBillboard.uasset" 1821
"../../../Engine/Plugins/Editor/SpeedTreeImporter/Content/SpeedTree9/SpeedTreeBillboard.uexp" 1822
"../../../Engine/Content/Functions/Engine_MaterialFunctions02/Utility/VectorLength.uasset" 1823
"../../../Engine/Content/Functions/Engine_MaterialFunctions02/Utility/VectorLength.uexp" 1824
"../../../Engine/Plugins/Editor/SpeedTreeImporter/Content/SpeedTree9/UnpackInteger3.uasset" 1825
"../../../Engine/Plugins/Editor/SpeedTreeImporter/Content/SpeedTree9/UnpackInteger3.uexp" 1826
"../../../Engine/Content/Functions/Engine_MaterialFunctions02/WorldPositionOffset/ObjectScale.uasset" 1827
"../../../Engine/Content/Functions/Engine_MaterialFunctions02/WorldPositionOffset/ObjectScale.uexp" 1828
"../../../Engine/Content/Functions/Engine_MaterialFunctions02/SafeNormalize.uasset" 1829
"../../../Engine/Content/Functions/Engine_MaterialFunctions02/SafeNormalize.uexp" 1830
"../../../Engine/Plugins/Editor/SpeedTreeImporter/Content/SpeedTree9/SpeedTreeWindMotion.uasset" 1831
"../../../Engine/Plugins/Editor/SpeedTreeImporter/Content/SpeedTree9/SpeedTreeWindMotion.uexp" 1832
"../../../Engine/Plugins/Editor/SpeedTreeImporter/Content/SpeedTree9/SpeedTreeBranchMotion.uasset" 1833
"../../../Engine/Plugins/Editor/SpeedTreeImporter/Content/SpeedTree9/SpeedTreeBranchMotion.uexp" 1834
"../../../Engine/Plugins/Editor/SpeedTreeImporter/Content/SpeedTree9/SpeedTreeWind.uasset" 1835
"../../../Engine/Plugins/Editor/SpeedTreeImporter/Content/SpeedTree9/SpeedTreeWind.uexp" 1836
"../../../Engine/Plugins/Editor/SpeedTreeImporter/Content/SpeedTree9/EmptyNormal.uasset" 1837
"../../../Engine/Plugins/Editor/SpeedTreeImporter/Content/SpeedTree9/EmptyNormal.uexp" 1838
"../../../Engine/Plugins/Editor/SpeedTreeImporter/Content/SpeedTree9/Empty.uasset" 1839
"../../../Engine/Plugins/Editor/SpeedTreeImporter/Content/SpeedTree9/Empty.uexp" 1840
"../../../Engine/Plugins/Editor/SpeedTreeImporter/Content/SpeedTree9/SpeedTreeBillboardMaster.uasset" 1841
"../../../Engine/Plugins/Editor/SpeedTreeImporter/Content/SpeedTree9/SpeedTreeBillboardMaster.uexp" 1842
"../../../Engine/Plugins/Editor/SpeedTreeImporter/Content/SpeedTree9/SpeedTreeCameraFacing.uasset" 1843
"../../../Engine/Plugins/Editor/SpeedTreeImporter/Content/SpeedTree9/SpeedTreeCameraFacing.uexp" 1844
"../../../Engine/Plugins/Editor/SpeedTreeImporter/Content/SpeedTree9/SpeedTreeMaster.uasset" 1845
"../../../Engine/Plugins/Editor/SpeedTreeImporter/Content/SpeedTree9/SpeedTreeMaster.uexp" 1846
"../../../Engine/Plugins/Interchange/Assets/Content/Functions/MX_AbsorptionVDF.uasset" 1847
"../../../Engine/Plugins/Interchange/Assets/Content/Functions/MX_AbsorptionVDF.uexp" 1848
"../../../Engine/Plugins/Interchange/Assets/Content/Functions/MX_AnisotropicVDF.uasset" 1849
"../../../Engine/Plugins/Interchange/Assets/Content/Functions/MX_AnisotropicVDF.uexp" 1850
"../../../Engine/Plugins/Interchange/Assets/Content/Functions/MX_BurleyDiffuseBSDF.uasset" 1851
"../../../Engine/Plugins/Interchange/Assets/Content/Functions/MX_BurleyDiffuseBSDF.uexp" 1852
"../../../Engine/Plugins/Interchange/Assets/Content/Functions/MX_ConductorBSDF.uasset" 1853
"../../../Engine/Plugins/Interchange/Assets/Content/Functions/MX_ConductorBSDF.uexp" 1854
"../../../Engine/Plugins/Interchange/Assets/Content/Functions/MX_ConicalEDF.uasset" 1855
"../../../Engine/Plugins/Interchange/Assets/Content/Functions/MX_ConicalEDF.uexp" 1856
"../../../Engine/Plugins/Interchange/Assets/Content/Functions/MX_DielectricBSDF.uasset" 1857
"../../../Engine/Plugins/Interchange/Assets/Content/Functions/MX_DielectricBSDF.uexp" 1858
"../../../Engine/Plugins/Interchange/Assets/Content/Functions/MX_GeneralizedSchlickBSDF.uasset" 1859
"../../../Engine/Plugins/Interchange/Assets/Content/Functions/MX_GeneralizedSchlickBSDF.uexp" 1860
"../../../Engine/Plugins/Interchange/Assets/Content/Functions/MX_MeasuredEDF.uasset" 1861
"../../../Engine/Plugins/Interchange/Assets/Content/Functions/MX_MeasuredEDF.uexp" 1862
"../../../Engine/Plugins/Interchange/Assets/Content/Utilities/New_LUT.uasset" 1863
"../../../Engine/Plugins/Interchange/Assets/Content/Utilities/New_LUT.uexp" 1864
"../../../Engine/Content/Functions/Engine_MaterialFunctions03/Math/RemapValueRange.uasset" 1865
"../../../Engine/Content/Functions/Engine_MaterialFunctions03/Math/RemapValueRange.uexp" 1866
"../../../Engine/Plugins/Interchange/Assets/Content/Functions/MF_Iridescence.uasset" 1867
"../../../Engine/Plugins/Interchange/Assets/Content/Functions/MF_Iridescence.uexp" 1868
"../../../Engine/Plugins/Interchange/Assets/Content/Functions/MX_StandardSurface.uasset" 1869
"../../../Engine/Plugins/Interchange/Assets/Content/Functions/MX_StandardSurface.uexp" 1870
"../../../Engine/Plugins/Interchange/Assets/Content/Functions/MX_OpenPBR_Opaque.uasset" 1871
"../../../Engine/Plugins/Interchange/Assets/Content/Functions/MX_OpenPBR_Opaque.uexp" 1872
"../../../Engine/Plugins/Interchange/Assets/Content/Functions/MX_TransmissionSurface.uasset" 1873
"../../../Engine/Plugins/Interchange/Assets/Content/Functions/MX_TransmissionSurface.uexp" 1874
"../../../Engine/Plugins/Interchange/Assets/Content/Functions/MX_OpenPBR_Translucent.uasset" 1875
"../../../Engine/Plugins/Interchange/Assets/Content/Functions/MX_OpenPBR_Translucent.uexp" 1876
"../../../Engine/Plugins/Interchange/Assets/Content/Functions/MX_OrenNayarBSDF.uasset" 1877
"../../../Engine/Plugins/Interchange/Assets/Content/Functions/MX_OrenNayarBSDF.uexp" 1878
"../../../Engine/Plugins/Interchange/Assets/Content/Functions/MX_SheenBSDF.uasset" 1879
"../../../Engine/Plugins/Interchange/Assets/Content/Functions/MX_SheenBSDF.uexp" 1880
"../../../Engine/Plugins/Interchange/Assets/Content/Functions/MX_SubsurfaceBSDF.uasset" 1881
"../../../Engine/Plugins/Interchange/Assets/Content/Functions/MX_SubsurfaceBSDF.uexp" 1882
"../../../Engine/Plugins/Interchange/Assets/Content/Functions/MX_Surface.uasset" 1883
"../../../Engine/Plugins/Interchange/Assets/Content/Functions/MX_Surface.uexp" 1884
"../../../Engine/Plugins/Interchange/Assets/Content/Functions/MX_SurfaceUnlit.uasset" 1885
"../../../Engine/Plugins/Interchange/Assets/Content/Functions/MX_SurfaceUnlit.uexp" 1886
"../../../Engine/Plugins/Interchange/Assets/Content/Functions/MX_ThinFilmBSDF.uasset" 1887
"../../../Engine/Plugins/Interchange/Assets/Content/Functions/MX_ThinFilmBSDF.uexp" 1888
"../../../Engine/Plugins/Interchange/Assets/Content/Functions/MX_TranslucentBSDF.uasset" 1889
"../../../Engine/Plugins/Interchange/Assets/Content/Functions/MX_TranslucentBSDF.uexp" 1890
"../../../Engine/Plugins/Interchange/Assets/Content/Functions/MX_UniformEDF.uasset" 1891
"../../../Engine/Plugins/Interchange/Assets/Content/Functions/MX_UniformEDF.uexp" 1892
"../../../Engine/Plugins/Interchange/Assets/Content/Functions/MX_UsdPreviewSurface.uasset" 1893
"../../../Engine/Plugins/Interchange/Assets/Content/Functions/MX_UsdPreviewSurface.uexp" 1894
"../../../Engine/Plugins/Runtime/HairStrands/Content/Materials/HairCardsDefaultMaterial.uasset" 1895
"../../../Engine/Plugins/Runtime/HairStrands/Content/Materials/HairCardsDefaultMaterial.uexp" 1896
"../../../Engine/Plugins/Runtime/HairStrands/Content/Materials/HairGroupColors.uasset" 1897
"../../../Engine/Plugins/Runtime/HairStrands/Content/Materials/HairGroupColors.uexp" 1898
"../../../Engine/Content/Functions/Engine_MaterialFunctions02/Utility/MakeFloat2.uasset" 1899
"../../../Engine/Content/Functions/Engine_MaterialFunctions02/Utility/MakeFloat2.uexp" 1900
"../../../Engine/Content/Functions/Engine_MaterialFunctions02/Utility/MakeFloat3.uasset" 1901
"../../../Engine/Content/Functions/Engine_MaterialFunctions02/Utility/MakeFloat3.uexp" 1902
"../../../Engine/Content/EngineMaterials/HairColorMap.uasset" 1903
"../../../Engine/Content/EngineMaterials/HairColorMap.uexp" 1904
"../../../Engine/Content/EngineMaterials/HairDebugColor.uasset" 1905
"../../../Engine/Content/EngineMaterials/HairDebugColor.uexp" 1906
"../../../Engine/Plugins/Runtime/HairStrands/Content/Materials/HairDebugMaterial.uasset" 1907
"../../../Engine/Plugins/Runtime/HairStrands/Content/Materials/HairDebugMaterial.uexp" 1908
"../../../Engine/Plugins/Runtime/HairStrands/Content/Materials/HairDefaultMaterial.uasset" 1909
"../../../Engine/Plugins/Runtime/HairStrands/Content/Materials/HairDefaultMaterial.uexp" 1910
"../../../Engine/Plugins/Runtime/HairStrands/Content/Materials/HairMeshesDefaultMaterial.uasset" 1911
"../../../Engine/Plugins/Runtime/HairStrands/Content/Materials/HairMeshesDefaultMaterial.uexp" 1912
"../../../Engine/Plugins/Runtime/MeshModelingToolset/Content/Materials/M_DynamicMeshComponentVtxColor.uasset" 1913
"../../../Engine/Plugins/Runtime/MeshModelingToolset/Content/Materials/M_DynamicMeshComponentVtxColor.uexp" 1914
"../../../Engine/Plugins/Animation/ControlRig/Content/M_Manip.uasset" 1915
"../../../Engine/Plugins/Animation/ControlRig/Content/M_Manip.uexp" 1916
"../../../Engine/Content/EngineMeshes/Sphere.ubulk" 1917
"../../../Engine/Content/EngineMeshes/Sphere.uasset" 1918
"../../../Engine/Content/EngineMeshes/Sphere.uexp" 1919
"../../../Engine/Content/EngineMaterials/T_Default_Material_Grid_M.ubulk" 1920
"../../../Engine/Content/EngineMaterials/T_Default_Material_Grid_M.uasset" 1921
"../../../Engine/Content/EngineMaterials/T_Default_Material_Grid_M.uexp" 1922
"../../../Engine/Content/EngineMaterials/T_Default_Material_Grid_N.ubulk" 1923
"../../../Engine/Content/EngineMaterials/T_Default_Material_Grid_N.uasset" 1924
"../../../Engine/Content/EngineMaterials/T_Default_Material_Grid_N.uexp" 1925
"../../../Engine/Content/Functions/Engine_MaterialFunctions01/Opacity/CameraDepthFade.uasset" 1926
"../../../Engine/Content/Functions/Engine_MaterialFunctions01/Opacity/CameraDepthFade.uexp" 1927
"../../../Engine/Content/EngineMaterials/WorldGridMaterial.uasset" 1928
"../../../Engine/Content/EngineMaterials/WorldGridMaterial.uexp" 1929
"../../../Engine/Content/ArtTools/RenderToTexture/Meshes/S_1_Unit_Plane.ubulk" 1930
"../../../Engine/Content/ArtTools/RenderToTexture/Meshes/S_1_Unit_Plane.uasset" 1931
"../../../Engine/Content/ArtTools/RenderToTexture/Meshes/S_1_Unit_Plane.uexp" 1932
"../../../Engine/Content/EngineMaterials/Substrate/GLints/AGlintTex2dArray.uasset" 1933
"../../../Engine/Content/EngineMaterials/Substrate/GLints/AGlintTex2dArray.uexp" 1934
"../../../Engine/Content/EngineMaterials/Substrate/GLints2/AGlintTex2dArray2.uasset" 1935
"../../../Engine/Content/EngineMaterials/Substrate/GLints2/AGlintTex2dArray2.uexp" 1936
"../../../Engine/Content/BasicShapes/Cube.ubulk" 1937
"../../../Engine/Content/BasicShapes/Cube.uasset" 1938
"../../../Engine/Content/BasicShapes/Cube.uexp" 1939
"../../../Engine/Content/BasicShapes/Plane.ubulk" 1940
"../../../Engine/Content/BasicShapes/Plane.uasset" 1941
"../../../Engine/Content/BasicShapes/Plane.uexp" 1942
"../../../Engine/Content/EditorLandscapeResources/SplineEditorMeshMat.uasset" 1943
"../../../Engine/Content/EditorLandscapeResources/SplineEditorMeshMat.uexp" 1944
"../../../Engine/Content/EditorLandscapeResources/SplineEditorMesh.ubulk" 1945
"../../../Engine/Content/EditorLandscapeResources/SplineEditorMesh.uasset" 1946
"../../../Engine/Content/EditorLandscapeResources/SplineEditorMesh.uexp" 1947
"../../../Engine/Content/EditorMaterials/Camera/CineMat.uasset" 1948
"../../../Engine/Content/EditorMaterials/Camera/CineMat.uexp" 1949
"../../../Engine/Content/EditorMaterials/Camera/MI_CineMat_Rig.uasset" 1950
"../../../Engine/Content/EditorMaterials/Camera/MI_CineMat_Rig.uexp" 1951
"../../../Engine/Content/EditorMeshes/Camera/SM_CraneRig_Arm.ubulk" 1952
"../../../Engine/Content/EditorMeshes/Camera/SM_CraneRig_Arm.uasset" 1953
"../../../Engine/Content/EditorMeshes/Camera/SM_CraneRig_Arm.uexp" 1954
"../../../Engine/Content/EditorMeshes/Camera/SM_CraneRig_Base.ubulk" 1955
"../../../Engine/Content/EditorMeshes/Camera/SM_CraneRig_Base.uasset" 1956
"../../../Engine/Content/EditorMeshes/Camera/SM_CraneRig_Base.uexp" 1957
"../../../Engine/Content/EditorMeshes/Camera/SM_CraneRig_Body.ubulk" 1958
"../../../Engine/Content/EditorMeshes/Camera/SM_CraneRig_Body.uasset" 1959
"../../../Engine/Content/EditorMeshes/Camera/SM_CraneRig_Body.uexp" 1960
"../../../Engine/Content/EditorMeshes/Camera/SM_CraneRig_Mount.ubulk" 1961
"../../../Engine/Content/EditorMeshes/Camera/SM_CraneRig_Mount.uasset" 1962
"../../../Engine/Content/EditorMeshes/Camera/SM_CraneRig_Mount.uexp" 1963
"../../../Engine/Content/EditorMeshes/Camera/SM_RailRig_Mount.ubulk" 1964
"../../../Engine/Content/EditorMeshes/Camera/SM_RailRig_Mount.uasset" 1965
"../../../Engine/Content/EditorMeshes/Camera/SM_RailRig_Mount.uexp" 1966
"../../../Engine/Content/EditorMeshes/Camera/SM_RailRig_Track.ubulk" 1967
"../../../Engine/Content/EditorMeshes/Camera/SM_RailRig_Track.uasset" 1968
"../../../Engine/Content/EditorMeshes/Camera/SM_RailRig_Track.uexp" 1969
"../../../Engine/Content/EngineMaterials/WeightMapPlaceholderTexture.uasset" 1970
"../../../Engine/Content/EngineMaterials/WeightMapPlaceholderTexture.uexp" 1971
"../../../Engine/Content/EngineMaterials/WeightMapArrayPlaceholderTexture.uasset" 1972
"../../../Engine/Content/EngineMaterials/WeightMapArrayPlaceholderTexture.uexp" 1973
"../../../Engine/Content/EngineResources/WhiteSquareTexture.uasset" 1974
"../../../Engine/Content/EngineResources/WhiteSquareTexture.uexp" 1975
"../../../Engine/Content/EngineMaterials/Widget3DPassThrough.uasset" 1976
"../../../Engine/Content/EngineMaterials/Widget3DPassThrough.uexp" 1977
"../../../Engine/Content/EngineMaterials/Widget3DPassThrough_Masked.uasset" 1978
"../../../Engine/Content/EngineMaterials/Widget3DPassThrough_Masked.uexp" 1979
"../../../Engine/Content/EngineMaterials/Widget3DPassThrough_Opaque.uasset" 1980
"../../../Engine/Content/EngineMaterials/Widget3DPassThrough_Opaque.uexp" 1981
"../../../Engine/Content/EngineMaterials/Widget3DPassThrough_Masked_OneSided.uasset" 1982
"../../../Engine/Content/EngineMaterials/Widget3DPassThrough_Masked_OneSided.uexp" 1983
"../../../Engine/Content/EngineMaterials/Widget3DPassThrough_Opaque_OneSided.uasset" 1984
"../../../Engine/Content/EngineMaterials/Widget3DPassThrough_Opaque_OneSided.uexp" 1985
"../../../Engine/Content/EngineMaterials/Widget3DPassThrough_Translucent.uasset" 1986
"../../../Engine/Content/EngineMaterials/Widget3DPassThrough_Translucent.uexp" 1987
"../../../Engine/Content/EngineMaterials/Widget3DPassThrough_Translucent_OneSided.uasset" 1988
"../../../Engine/Content/EngineMaterials/Widget3DPassThrough_Translucent_OneSided.uexp" 1989
"../../../Engine/Content/EngineSky/VolumetricClouds/T_CloudMask.ubulk" 1990
"../../../Engine/Content/EngineSky/VolumetricClouds/T_CloudMask.uasset" 1991
"../../../Engine/Content/EngineSky/VolumetricClouds/T_CloudMask.uexp" 1992
"../../../Engine/Content/EngineSky/VolumetricClouds/VT_Lightning.uasset" 1993
"../../../Engine/Content/EngineSky/VolumetricClouds/VT_Lightning.uexp" 1994
"../../../Engine/Content/EngineSky/VolumetricClouds/T_Profile_08.ubulk" 1995
"../../../Engine/Content/EngineSky/VolumetricClouds/T_Profile_08.uasset" 1996
"../../../Engine/Content/EngineSky/VolumetricClouds/T_Profile_08.uexp" 1997
"../../../Engine/Content/Functions/Engine_MaterialFunctions02/Utility/MakeFloat4.uasset" 1998
"../../../Engine/Content/Functions/Engine_MaterialFunctions02/Utility/MakeFloat4.uexp" 1999
"../../../Engine/Content/Functions/Engine_MaterialFunctions01/Units/Km-to-Cm.uasset" 2000
"../../../Engine/Content/Functions/Engine_MaterialFunctions01/Units/Km-to-Cm.uexp" 2001
"../../../Engine/Content/Functions/Engine_MaterialFunctions02/Utility/BreakOutFloat4Components.uasset" 2002
"../../../Engine/Content/Functions/Engine_MaterialFunctions02/Utility/BreakOutFloat4Components.uexp" 2003
"../../../Engine/Content/EngineSky/VolumetricClouds/T_CloudPattern.ubulk" 2004
"../../../Engine/Content/EngineSky/VolumetricClouds/T_CloudPattern.uasset" 2005
"../../../Engine/Content/EngineSky/VolumetricClouds/T_CloudPattern.uexp" 2006
"../../../Engine/Content/EngineSky/VolumetricClouds/VT_PerlinWorley_Balanced.uasset" 2007
"../../../Engine/Content/EngineSky/VolumetricClouds/VT_PerlinWorley_Balanced.uexp" 2008
"../../../Engine/Content/EngineSky/VolumetricClouds/m_SimpleVolumetricCloud.uasset" 2009
"../../../Engine/Content/EngineSky/VolumetricClouds/m_SimpleVolumetricCloud.uexp" 2010
"../../../Engine/Content/EngineSky/VolumetricClouds/m_SimpleVolumetricCloud_Inst.uasset" 2011
"../../../Engine/Content/EngineSky/VolumetricClouds/m_SimpleVolumetricCloud_Inst.uexp" 2012
"../../../Engine/Content/VREditor/LaserPointer/VR_LaserPower_01.ubulk" 2013
"../../../Engine/Content/VREditor/LaserPointer/VR_LaserPower_01.uasset" 2014
"../../../Engine/Content/VREditor/LaserPointer/VR_LaserPower_01.uexp" 2015
"../../../Engine/Content/VREditor/TransformGizmo/TransformGizmoMaterial.uasset" 2016
"../../../Engine/Content/VREditor/TransformGizmo/TransformGizmoMaterial.uexp" 2017
"../../../Engine/Content/VREditor/TransformGizmo/TranslucentTransformGizmoMaterial.uasset" 2018
"../../../Engine/Content/VREditor/TransformGizmo/TranslucentTransformGizmoMaterial.uexp" 2019
"../../../Engine/Content/VREditor/TransformGizmo/BoundingBoxCorner.ubulk" 2020
"../../../Engine/Content/VREditor/TransformGizmo/BoundingBoxCorner.uasset" 2021
"../../../Engine/Content/VREditor/TransformGizmo/BoundingBoxCorner.uexp" 2022
"../../../Engine/Content/VREditor/TransformGizmo/BoundingBoxEdge.ubulk" 2023
"../../../Engine/Content/VREditor/TransformGizmo/BoundingBoxEdge.uasset" 2024
"../../../Engine/Content/VREditor/TransformGizmo/BoundingBoxEdge.uexp" 2025
"../../../Engine/Content/VREditor/TransformGizmo/Main.uasset" 2026
"../../../Engine/Content/VREditor/TransformGizmo/Main.uexp" 2027
"../../../Engine/Content/VREditor/TransformGizmo/Xray.uasset" 2028
"../../../Engine/Content/VREditor/TransformGizmo/Xray.uexp" 2029
"../../../Engine/Content/VREditor/TransformGizmo/SM_Sequencer_Node.ubulk" 2030
"../../../Engine/Content/VREditor/TransformGizmo/SM_Sequencer_Node.uasset" 2031
"../../../Engine/Content/VREditor/TransformGizmo/SM_Sequencer_Node.uexp" 2032
"../../../Engine/Plugins/Animation/ControlRig/Content/Controls/ControlRig_Arrow2_1mm.ubulk" 2033
"../../../Engine/Plugins/Animation/ControlRig/Content/Controls/ControlRig_Arrow2_1mm.uasset" 2034
"../../../Engine/Plugins/Animation/ControlRig/Content/Controls/ControlRig_Arrow2_1mm.uexp" 2035
"../../../Engine/Plugins/Animation/ControlRig/Content/Controls/ControlRig_Arrow2_3mm.ubulk" 2036
"../../../Engine/Plugins/Animation/ControlRig/Content/Controls/ControlRig_Arrow2_3mm.uasset" 2037
"../../../Engine/Plugins/Animation/ControlRig/Content/Controls/ControlRig_Arrow2_3mm.uexp" 2038
"../../../Engine/Plugins/Animation/ControlRig/Content/Controls/ControlRig_Arrow2_solid.ubulk" 2039
"../../../Engine/Plugins/Animation/ControlRig/Content/Controls/ControlRig_Arrow2_solid.uasset" 2040
"../../../Engine/Plugins/Animation/ControlRig/Content/Controls/ControlRig_Arrow2_solid.uexp" 2041
"../../../Engine/Plugins/Animation/ControlRig/Content/Controls/ControlRig_Arrow4_1mm.ubulk" 2042
"../../../Engine/Plugins/Animation/ControlRig/Content/Controls/ControlRig_Arrow4_1mm.uasset" 2043
"../../../Engine/Plugins/Animation/ControlRig/Content/Controls/ControlRig_Arrow4_1mm.uexp" 2044
"../../../Engine/Plugins/Animation/ControlRig/Content/Controls/ControlRig_Arrow4_3mm.ubulk" 2045
"../../../Engine/Plugins/Animation/ControlRig/Content/Controls/ControlRig_Arrow4_3mm.uasset" 2046
"../../../Engine/Plugins/Animation/ControlRig/Content/Controls/ControlRig_Arrow4_3mm.uexp" 2047
"../../../Engine/Plugins/Animation/ControlRig/Content/Controls/ControlRig_Arrow4_solid.ubulk" 2048
"../../../Engine/Plugins/Animation/ControlRig/Content/Controls/ControlRig_Arrow4_solid.uasset" 2049
"../../../Engine/Plugins/Animation/ControlRig/Content/Controls/ControlRig_Arrow4_solid.uexp" 2050
"../../../Engine/Plugins/Animation/ControlRig/Content/Controls/ControlRig_Arrow_1mm.ubulk" 2051
"../../../Engine/Plugins/Animation/ControlRig/Content/Controls/ControlRig_Arrow_1mm.uasset" 2052
"../../../Engine/Plugins/Animation/ControlRig/Content/Controls/ControlRig_Arrow_1mm.uexp" 2053
"../../../Engine/Plugins/Animation/ControlRig/Content/Controls/ControlRig_Arrow_3mm.ubulk" 2054
"../../../Engine/Plugins/Animation/ControlRig/Content/Controls/ControlRig_Arrow_3mm.uasset" 2055
"../../../Engine/Plugins/Animation/ControlRig/Content/Controls/ControlRig_Arrow_3mm.uexp" 2056
"../../../Engine/Plugins/Animation/ControlRig/Content/Controls/ControlRig_Arrow_solid.ubulk" 2057
"../../../Engine/Plugins/Animation/ControlRig/Content/Controls/ControlRig_Arrow_solid.uasset" 2058
"../../../Engine/Plugins/Animation/ControlRig/Content/Controls/ControlRig_Arrow_solid.uexp" 2059
"../../../Engine/Plugins/Animation/ControlRig/Content/Controls/ControlRig_Box_1mm.ubulk" 2060
"../../../Engine/Plugins/Animation/ControlRig/Content/Controls/ControlRig_Box_1mm.uasset" 2061
"../../../Engine/Plugins/Animation/ControlRig/Content/Controls/ControlRig_Box_1mm.uexp" 2062
"../../../Engine/Plugins/Animation/ControlRig/Content/Controls/ControlRig_Box_3mm.ubulk" 2063
"../../../Engine/Plugins/Animation/ControlRig/Content/Controls/ControlRig_Box_3mm.uasset" 2064
"../../../Engine/Plugins/Animation/ControlRig/Content/Controls/ControlRig_Box_3mm.uexp" 2065
"../../../Engine/Plugins/Animation/ControlRig/Content/Controls/ControlRig_Box_solid.ubulk" 2066
"../../../Engine/Plugins/Animation/ControlRig/Content/Controls/ControlRig_Box_solid.uasset" 2067
"../../../Engine/Plugins/Animation/ControlRig/Content/Controls/ControlRig_Box_solid.uexp" 2068
"../../../Engine/Plugins/Animation/ControlRig/Content/Controls/ControlRig_Circle_1mm.ubulk" 2069
"../../../Engine/Plugins/Animation/ControlRig/Content/Controls/ControlRig_Circle_1mm.uasset" 2070
"../../../Engine/Plugins/Animation/ControlRig/Content/Controls/ControlRig_Circle_1mm.uexp" 2071
"../../../Engine/Plugins/Animation/ControlRig/Content/Controls/ControlRig_Circle_3mm.ubulk" 2072
"../../../Engine/Plugins/Animation/ControlRig/Content/Controls/ControlRig_Circle_3mm.uasset" 2073
"../../../Engine/Plugins/Animation/ControlRig/Content/Controls/ControlRig_Circle_3mm.uexp" 2074
"../../../Engine/Plugins/Animation/ControlRig/Content/Controls/ControlRig_Circle_solid.ubulk" 2075
"../../../Engine/Plugins/Animation/ControlRig/Content/Controls/ControlRig_Circle_solid.uasset" 2076
"../../../Engine/Plugins/Animation/ControlRig/Content/Controls/ControlRig_Circle_solid.uexp" 2077
"../../../Engine/Plugins/Animation/ControlRig/Content/Controls/ControlRig_Diamond_1mm.ubulk" 2078
"../../../Engine/Plugins/Animation/ControlRig/Content/Controls/ControlRig_Diamond_1mm.uasset" 2079
"../../../Engine/Plugins/Animation/ControlRig/Content/Controls/ControlRig_Diamond_1mm.uexp" 2080
"../../../Engine/Plugins/Animation/ControlRig/Content/Controls/ControlRig_Diamond_3mm.ubulk" 2081
"../../../Engine/Plugins/Animation/ControlRig/Content/Controls/ControlRig_Diamond_3mm.uasset" 2082
"../../../Engine/Plugins/Animation/ControlRig/Content/Controls/ControlRig_Diamond_3mm.uexp" 2083
"../../../Engine/Plugins/Animation/ControlRig/Content/Controls/ControlRig_Diamond_solid.ubulk" 2084
"../../../Engine/Plugins/Animation/ControlRig/Content/Controls/ControlRig_Diamond_solid.uasset" 2085
"../../../Engine/Plugins/Animation/ControlRig/Content/Controls/ControlRig_Diamond_solid.uexp" 2086
"../../../Engine/Plugins/Animation/ControlRig/Content/Controls/ControlRig_HalfCircle_1mm.ubulk" 2087
"../../../Engine/Plugins/Animation/ControlRig/Content/Controls/ControlRig_HalfCircle_1mm.uasset" 2088
"../../../Engine/Plugins/Animation/ControlRig/Content/Controls/ControlRig_HalfCircle_1mm.uexp" 2089
"../../../Engine/Plugins/Animation/ControlRig/Content/Controls/ControlRig_HalfCircle_3mm.ubulk" 2090
"../../../Engine/Plugins/Animation/ControlRig/Content/Controls/ControlRig_HalfCircle_3mm.uasset" 2091
"../../../Engine/Plugins/Animation/ControlRig/Content/Controls/ControlRig_HalfCircle_3mm.uexp" 2092
"../../../Engine/Plugins/Animation/ControlRig/Content/Controls/ControlRig_HalfCircle_solid.ubulk" 2093
"../../../Engine/Plugins/Animation/ControlRig/Content/Controls/ControlRig_HalfCircle_solid.uasset" 2094
"../../../Engine/Plugins/Animation/ControlRig/Content/Controls/ControlRig_HalfCircle_solid.uexp" 2095
"../../../Engine/Plugins/Animation/ControlRig/Content/Controls/ControlRig_Hexagon_1mm.ubulk" 2096
"../../../Engine/Plugins/Animation/ControlRig/Content/Controls/ControlRig_Hexagon_1mm.uasset" 2097
"../../../Engine/Plugins/Animation/ControlRig/Content/Controls/ControlRig_Hexagon_1mm.uexp" 2098
"../../../Engine/Plugins/Animation/ControlRig/Content/Controls/ControlRig_Hexagon_3mm.ubulk" 2099
"../../../Engine/Plugins/Animation/ControlRig/Content/Controls/ControlRig_Hexagon_3mm.uasset" 2100
"../../../Engine/Plugins/Animation/ControlRig/Content/Controls/ControlRig_Hexagon_3mm.uexp" 2101
"../../../Engine/Plugins/Animation/ControlRig/Content/Controls/ControlRig_Hexagon_solid.ubulk" 2102
"../../../Engine/Plugins/Animation/ControlRig/Content/Controls/ControlRig_Hexagon_solid.uasset" 2103
"../../../Engine/Plugins/Animation/ControlRig/Content/Controls/ControlRig_Hexagon_solid.uexp" 2104
"../../../Engine/Plugins/Animation/ControlRig/Content/Controls/ControlRig_Octagon_1mm.ubulk" 2105
"../../../Engine/Plugins/Animation/ControlRig/Content/Controls/ControlRig_Octagon_1mm.uasset" 2106
"../../../Engine/Plugins/Animation/ControlRig/Content/Controls/ControlRig_Octagon_1mm.uexp" 2107
"../../../Engine/Plugins/Animation/ControlRig/Content/Controls/ControlRig_Octagon_3mm.ubulk" 2108
"../../../Engine/Plugins/Animation/ControlRig/Content/Controls/ControlRig_Octagon_3mm.uasset" 2109
"../../../Engine/Plugins/Animation/ControlRig/Content/Controls/ControlRig_Octagon_3mm.uexp" 2110
"../../../Engine/Plugins/Animation/ControlRig/Content/Controls/ControlRig_Octagon_solid.ubulk" 2111
"../../../Engine/Plugins/Animation/ControlRig/Content/Controls/ControlRig_Octagon_solid.uasset" 2112
"../../../Engine/Plugins/Animation/ControlRig/Content/Controls/ControlRig_Octagon_solid.uexp" 2113
"../../../Engine/Plugins/Animation/ControlRig/Content/Controls/ControlRig_Pyramid_1mm.ubulk" 2114
"../../../Engine/Plugins/Animation/ControlRig/Content/Controls/ControlRig_Pyramid_1mm.uasset" 2115
"../../../Engine/Plugins/Animation/ControlRig/Content/Controls/ControlRig_Pyramid_1mm.uexp" 2116
"../../../Engine/Plugins/Animation/ControlRig/Content/Controls/ControlRig_Pyramid_3mm.ubulk" 2117
"../../../Engine/Plugins/Animation/ControlRig/Content/Controls/ControlRig_Pyramid_3mm.uasset" 2118
"../../../Engine/Plugins/Animation/ControlRig/Content/Controls/ControlRig_Pyramid_3mm.uexp" 2119
"../../../Engine/Plugins/Animation/ControlRig/Content/Controls/ControlRig_Pyramid_solid.ubulk" 2120
"../../../Engine/Plugins/Animation/ControlRig/Content/Controls/ControlRig_Pyramid_solid.uasset" 2121
"../../../Engine/Plugins/Animation/ControlRig/Content/Controls/ControlRig_Pyramid_solid.uexp" 2122
"../../../Engine/Plugins/Animation/ControlRig/Content/Controls/ControlRig_QuarterCircle_1mm.ubulk" 2123
"../../../Engine/Plugins/Animation/ControlRig/Content/Controls/ControlRig_QuarterCircle_1mm.uasset" 2124
"../../../Engine/Plugins/Animation/ControlRig/Content/Controls/ControlRig_QuarterCircle_1mm.uexp" 2125
"../../../Engine/Plugins/Animation/ControlRig/Content/Controls/ControlRig_QuarterCircle_3mm.ubulk" 2126
"../../../Engine/Plugins/Animation/ControlRig/Content/Controls/ControlRig_QuarterCircle_3mm.uasset" 2127
"../../../Engine/Plugins/Animation/ControlRig/Content/Controls/ControlRig_QuarterCircle_3mm.uexp" 2128
"../../../Engine/Plugins/Animation/ControlRig/Content/Controls/ControlRig_QuarterCircle_solid.ubulk" 2129
"../../../Engine/Plugins/Animation/ControlRig/Content/Controls/ControlRig_QuarterCircle_solid.uasset" 2130
"../../../Engine/Plugins/Animation/ControlRig/Content/Controls/ControlRig_QuarterCircle_solid.uexp" 2131
"../../../Engine/Plugins/Animation/ControlRig/Content/Controls/ControlRig_RoundedSquare_1mm.ubulk" 2132
"../../../Engine/Plugins/Animation/ControlRig/Content/Controls/ControlRig_RoundedSquare_1mm.uasset" 2133
"../../../Engine/Plugins/Animation/ControlRig/Content/Controls/ControlRig_RoundedSquare_1mm.uexp" 2134
"../../../Engine/Plugins/Animation/ControlRig/Content/Controls/ControlRig_RoundedSquare_3mm.ubulk" 2135
"../../../Engine/Plugins/Animation/ControlRig/Content/Controls/ControlRig_RoundedSquare_3mm.uasset" 2136
"../../../Engine/Plugins/Animation/ControlRig/Content/Controls/ControlRig_RoundedSquare_3mm.uexp" 2137
"../../../Engine/Plugins/Animation/ControlRig/Content/Controls/ControlRig_RoundedSquare_solid.ubulk" 2138
"../../../Engine/Plugins/Animation/ControlRig/Content/Controls/ControlRig_RoundedSquare_solid.uasset" 2139
"../../../Engine/Plugins/Animation/ControlRig/Content/Controls/ControlRig_RoundedSquare_solid.uexp" 2140
"../../../Engine/Plugins/Animation/ControlRig/Content/Controls/ControlRig_RoundedTriangle_1mm.ubulk" 2141
"../../../Engine/Plugins/Animation/ControlRig/Content/Controls/ControlRig_RoundedTriangle_1mm.uasset" 2142
"../../../Engine/Plugins/Animation/ControlRig/Content/Controls/ControlRig_RoundedTriangle_1mm.uexp" 2143
"../../../Engine/Plugins/Animation/ControlRig/Content/Controls/ControlRig_RoundedTriangle_3mm.ubulk" 2144
"../../../Engine/Plugins/Animation/ControlRig/Content/Controls/ControlRig_RoundedTriangle_3mm.uasset" 2145
"../../../Engine/Plugins/Animation/ControlRig/Content/Controls/ControlRig_RoundedTriangle_3mm.uexp" 2146
"../../../Engine/Plugins/Animation/ControlRig/Content/Controls/ControlRig_RoundedTriangle_solid.ubulk" 2147
"../../../Engine/Plugins/Animation/ControlRig/Content/Controls/ControlRig_RoundedTriangle_solid.uasset" 2148
"../../../Engine/Plugins/Animation/ControlRig/Content/Controls/ControlRig_RoundedTriangle_solid.uexp" 2149
"../../../Engine/Plugins/Animation/ControlRig/Content/Controls/ControlRig_Sphere_1mm.ubulk" 2150
"../../../Engine/Plugins/Animation/ControlRig/Content/Controls/ControlRig_Sphere_1mm.uasset" 2151
"../../../Engine/Plugins/Animation/ControlRig/Content/Controls/ControlRig_Sphere_1mm.uexp" 2152
"../../../Engine/Plugins/Animation/ControlRig/Content/Controls/ControlRig_Sphere_3mm.ubulk" 2153
"../../../Engine/Plugins/Animation/ControlRig/Content/Controls/ControlRig_Sphere_3mm.uasset" 2154
"../../../Engine/Plugins/Animation/ControlRig/Content/Controls/ControlRig_Sphere_3mm.uexp" 2155
"../../../Engine/Plugins/Animation/ControlRig/Content/Controls/ControlRig_Sphere_solid.ubulk" 2156
"../../../Engine/Plugins/Animation/ControlRig/Content/Controls/ControlRig_Sphere_solid.uasset" 2157
"../../../Engine/Plugins/Animation/ControlRig/Content/Controls/ControlRig_Sphere_solid.uexp" 2158
"../../../Engine/Plugins/Animation/ControlRig/Content/Controls/ControlRig_Square_1mm.ubulk" 2159
"../../../Engine/Plugins/Animation/ControlRig/Content/Controls/ControlRig_Square_1mm.uasset" 2160
"../../../Engine/Plugins/Animation/ControlRig/Content/Controls/ControlRig_Square_1mm.uexp" 2161
"../../../Engine/Plugins/Animation/ControlRig/Content/Controls/ControlRig_Square_3mm.ubulk" 2162
"../../../Engine/Plugins/Animation/ControlRig/Content/Controls/ControlRig_Square_3mm.uasset" 2163
"../../../Engine/Plugins/Animation/ControlRig/Content/Controls/ControlRig_Square_3mm.uexp" 2164
"../../../Engine/Plugins/Animation/ControlRig/Content/Controls/ControlRig_Square_solid.ubulk" 2165
"../../../Engine/Plugins/Animation/ControlRig/Content/Controls/ControlRig_Square_solid.uasset" 2166
"../../../Engine/Plugins/Animation/ControlRig/Content/Controls/ControlRig_Square_solid.uexp" 2167
"../../../Engine/Plugins/Animation/ControlRig/Content/Controls/ControlRig_Star4_1mm.ubulk" 2168
"../../../Engine/Plugins/Animation/ControlRig/Content/Controls/ControlRig_Star4_1mm.uasset" 2169
"../../../Engine/Plugins/Animation/ControlRig/Content/Controls/ControlRig_Star4_1mm.uexp" 2170
"../../../Engine/Plugins/Animation/ControlRig/Content/Controls/ControlRig_Star4_3mm.ubulk" 2171
"../../../Engine/Plugins/Animation/ControlRig/Content/Controls/ControlRig_Star4_3mm.uasset" 2172
"../../../Engine/Plugins/Animation/ControlRig/Content/Controls/ControlRig_Star4_3mm.uexp" 2173
"../../../Engine/Plugins/Animation/ControlRig/Content/Controls/ControlRig_Star4_solid.ubulk" 2174
"../../../Engine/Plugins/Animation/ControlRig/Content/Controls/ControlRig_Star4_solid.uasset" 2175
"../../../Engine/Plugins/Animation/ControlRig/Content/Controls/ControlRig_Star4_solid.uexp" 2176
"../../../Engine/Plugins/Animation/ControlRig/Content/Controls/ControlRig_Triangle_1mm.ubulk" 2177
"../../../Engine/Plugins/Animation/ControlRig/Content/Controls/ControlRig_Triangle_1mm.uasset" 2178
"../../../Engine/Plugins/Animation/ControlRig/Content/Controls/ControlRig_Triangle_1mm.uexp" 2179
"../../../Engine/Plugins/Animation/ControlRig/Content/Controls/ControlRig_Triangle_3mm.ubulk" 2180
"../../../Engine/Plugins/Animation/ControlRig/Content/Controls/ControlRig_Triangle_3mm.uasset" 2181
"../../../Engine/Plugins/Animation/ControlRig/Content/Controls/ControlRig_Triangle_3mm.uexp" 2182
"../../../Engine/Plugins/Animation/ControlRig/Content/Controls/ControlRig_Triangle_solid.ubulk" 2183
"../../../Engine/Plugins/Animation/ControlRig/Content/Controls/ControlRig_Triangle_solid.uasset" 2184
"../../../Engine/Plugins/Animation/ControlRig/Content/Controls/ControlRig_Triangle_solid.uexp" 2185
"../../../Engine/Plugins/Animation/ControlRig/Content/Controls/ControlRig_Wedge_1mm.ubulk" 2186
"../../../Engine/Plugins/Animation/ControlRig/Content/Controls/ControlRig_Wedge_1mm.uasset" 2187
"../../../Engine/Plugins/Animation/ControlRig/Content/Controls/ControlRig_Wedge_1mm.uexp" 2188
"../../../Engine/Plugins/Animation/ControlRig/Content/Controls/ControlRig_Wedge_3mm.ubulk" 2189
"../../../Engine/Plugins/Animation/ControlRig/Content/Controls/ControlRig_Wedge_3mm.uasset" 2190
"../../../Engine/Plugins/Animation/ControlRig/Content/Controls/ControlRig_Wedge_3mm.uexp" 2191
"../../../Engine/Plugins/Animation/ControlRig/Content/Controls/ControlRig_Wedge_solid.ubulk" 2192
"../../../Engine/Plugins/Animation/ControlRig/Content/Controls/ControlRig_Wedge_solid.uasset" 2193
"../../../Engine/Plugins/Animation/ControlRig/Content/Controls/ControlRig_Wedge_solid.uexp" 2194
"../../../Engine/Content/Functions/Engine_MaterialFunctions02/Math/Transform3x3Matrix.uasset" 2195
"../../../Engine/Content/Functions/Engine_MaterialFunctions02/Math/Transform3x3Matrix.uexp" 2196
"../../../Engine/Plugins/Interchange/Assets/Content/gltf/Textures/T_White_srgb.uasset" 2197
"../../../Engine/Plugins/Interchange/Assets/Content/gltf/Textures/T_White_srgb.uexp" 2198
"../../../Engine/Plugins/Interchange/Assets/Content/gltf/MaterialFunctions/MF_Specular.uasset" 2199
"../../../Engine/Plugins/Interchange/Assets/Content/gltf/MaterialFunctions/MF_Specular.uexp" 2200
"../../../Engine/Plugins/Interchange/Assets/Content/gltf/Textures/T_Anisotropy_Direction_Linear.uasset" 2201
"../../../Engine/Plugins/Interchange/Assets/Content/gltf/Textures/T_Anisotropy_Direction_Linear.uexp" 2202
"../../../Engine/Plugins/Interchange/Assets/Content/gltf/MaterialFunctions/MF_SpecularAnisotropy.uasset" 2203
"../../../Engine/Plugins/Interchange/Assets/Content/gltf/MaterialFunctions/MF_SpecularAnisotropy.uexp" 2204
"../../../Engine/Plugins/Interchange/Assets/Content/gltf/Textures/T_White_Linear.uasset" 2205
"../../../Engine/Plugins/Interchange/Assets/Content/gltf/Textures/T_White_Linear.uexp" 2206
"../../../Engine/Plugins/Interchange/Assets/Content/gltf/MaterialFunctions/MF_MetallicRoughness.uasset" 2207
"../../../Engine/Plugins/Interchange/Assets/Content/gltf/MaterialFunctions/MF_MetallicRoughness.uexp" 2208
"../../../Engine/Plugins/Interchange/Assets/Content/gltf/Textures/T_Generic_N.uasset" 2209
"../../../Engine/Plugins/Interchange/Assets/Content/gltf/Textures/T_Generic_N.uexp" 2210
"../../../Engine/Plugins/Interchange/Assets/Content/gltf/MaterialFunctions/MF_ScaleNormal.uasset" 2211
"../../../Engine/Plugins/Interchange/Assets/Content/gltf/MaterialFunctions/MF_ScaleNormal.uexp" 2212
"../../../Engine/Plugins/Interchange/Assets/Content/gltf/MaterialFunctions/MF_BaseColor.uasset" 2213
"../../../Engine/Plugins/Interchange/Assets/Content/gltf/MaterialFunctions/MF_BaseColor.uexp" 2214
"../../../Engine/Plugins/Interchange/Assets/Content/gltf/MaterialFunctions/MF_Iridescence.uasset" 2215
"../../../Engine/Plugins/Interchange/Assets/Content/gltf/MaterialFunctions/MF_Iridescence.uexp" 2216
"../../../Engine/Plugins/Interchange/Assets/Content/gltf/MaterialFunctions/MF_Occlusion.uasset" 2217
"../../../Engine/Plugins/Interchange/Assets/Content/gltf/MaterialFunctions/MF_Occlusion.uexp" 2218
"../../../Engine/Plugins/Interchange/Assets/Content/gltf/MaterialFunctions/MF_IOR.uasset" 2219
"../../../Engine/Plugins/Interchange/Assets/Content/gltf/MaterialFunctions/MF_IOR.uexp" 2220
"../../../Engine/Plugins/Interchange/Assets/Content/gltf/MaterialFunctions/MF_RotateV2.uasset" 2221
"../../../Engine/Plugins/Interchange/Assets/Content/gltf/MaterialFunctions/MF_RotateV2.uexp" 2222
"../../../Engine/Plugins/Interchange/Assets/Content/gltf/MaterialFunctions/MF_TransformUVs.uasset" 2223
"../../../Engine/Plugins/Interchange/Assets/Content/gltf/MaterialFunctions/MF_TransformUVs.uexp" 2224
"../../../Engine/Plugins/Interchange/Assets/Content/gltf/MaterialFunctions/MF_Emissive.uasset" 2225
"../../../Engine/Plugins/Interchange/Assets/Content/gltf/MaterialFunctions/MF_Emissive.uexp" 2226
"../../../Engine/Plugins/Interchange/Assets/Content/gltf/MaterialFunctions/MF_RotateNormals_TS.uasset" 2227
"../../../Engine/Plugins/Interchange/Assets/Content/gltf/MaterialFunctions/MF_RotateNormals_TS.uexp" 2228
"../../../Engine/Plugins/Interchange/Assets/Content/gltf/MaterialFunctions/MF_Normals.uasset" 2229
"../../../Engine/Plugins/Interchange/Assets/Content/gltf/MaterialFunctions/MF_Normals.uexp" 2230
"../../../Engine/Content/Functions/Engine_MaterialFunctions01/Texturing/FlattenNormal.uasset" 2231
"../../../Engine/Content/Functions/Engine_MaterialFunctions01/Texturing/FlattenNormal.uexp" 2232
"../../../Engine/Plugins/Interchange/Assets/Content/gltf/MaterialFunctions/MF_Clearcoat.uasset" 2233
"../../../Engine/Plugins/Interchange/Assets/Content/gltf/MaterialFunctions/MF_Clearcoat.uexp" 2234
"../../../Engine/Plugins/Interchange/Assets/Content/gltf/MaterialBodies/MF_ClearCoat_Body.uasset" 2235
"../../../Engine/Plugins/Interchange/Assets/Content/gltf/MaterialBodies/MF_ClearCoat_Body.uexp" 2236
"../../../Engine/Plugins/Interchange/Assets/Content/gltf/M_ClearCoat.uasset" 2237
"../../../Engine/Plugins/Interchange/Assets/Content/gltf/M_ClearCoat.uexp" 2238
"../../../Engine/Plugins/Interchange/Assets/Content/gltf/MaterialInstances/MI_ClearCoat_Blend.uasset" 2239
"../../../Engine/Plugins/Interchange/Assets/Content/gltf/MaterialInstances/MI_ClearCoat_Blend.uexp" 2240
"../../../Engine/Plugins/Interchange/Assets/Content/gltf/MaterialInstances/MI_ClearCoat_Blend_DS.uasset" 2241
"../../../Engine/Plugins/Interchange/Assets/Content/gltf/MaterialInstances/MI_ClearCoat_Blend_DS.uexp" 2242
"../../../Engine/Plugins/Interchange/Assets/Content/gltf/MaterialInstances/MI_ClearCoat_Mask.uasset" 2243
"../../../Engine/Plugins/Interchange/Assets/Content/gltf/MaterialInstances/MI_ClearCoat_Mask.uexp" 2244
"../../../Engine/Plugins/Interchange/Assets/Content/gltf/MaterialInstances/MI_ClearCoat_Mask_DS.uasset" 2245
"../../../Engine/Plugins/Interchange/Assets/Content/gltf/MaterialInstances/MI_ClearCoat_Mask_DS.uexp" 2246
"../../../Engine/Plugins/Interchange/Assets/Content/gltf/MaterialInstances/MI_ClearCoat_Opaque.uasset" 2247
"../../../Engine/Plugins/Interchange/Assets/Content/gltf/MaterialInstances/MI_ClearCoat_Opaque.uexp" 2248
"../../../Engine/Plugins/Interchange/Assets/Content/gltf/MaterialInstances/MI_ClearCoat_Opaque_DS.uasset" 2249
"../../../Engine/Plugins/Interchange/Assets/Content/gltf/MaterialInstances/MI_ClearCoat_Opaque_DS.uexp" 2250
"../../../Engine/Plugins/Interchange/Assets/Content/gltf/MaterialBodies/MF_Default_Body.uasset" 2251
"../../../Engine/Plugins/Interchange/Assets/Content/gltf/MaterialBodies/MF_Default_Body.uexp" 2252
"../../../Engine/Plugins/Interchange/Assets/Content/gltf/M_Default.uasset" 2253
"../../../Engine/Plugins/Interchange/Assets/Content/gltf/M_Default.uexp" 2254
"../../../Engine/Plugins/Interchange/Assets/Content/gltf/MaterialInstances/MI_Default_Blend.uasset" 2255
"../../../Engine/Plugins/Interchange/Assets/Content/gltf/MaterialInstances/MI_Default_Blend.uexp" 2256
"../../../Engine/Plugins/Interchange/Assets/Content/gltf/MaterialInstances/MI_Default_Mask.uasset" 2257
"../../../Engine/Plugins/Interchange/Assets/Content/gltf/MaterialInstances/MI_Default_Mask.uexp" 2258
"../../../Engine/Plugins/Interchange/Assets/Content/gltf/MaterialInstances/MI_Default_Mask_DS.uasset" 2259
"../../../Engine/Plugins/Interchange/Assets/Content/gltf/MaterialInstances/MI_Default_Mask_DS.uexp" 2260
"../../../Engine/Plugins/Interchange/Assets/Content/gltf/MaterialInstances/MI_Default_Opaque.uasset" 2261
"../../../Engine/Plugins/Interchange/Assets/Content/gltf/MaterialInstances/MI_Default_Opaque.uexp" 2262
"../../../Engine/Plugins/Interchange/Assets/Content/gltf/MaterialFunctions/MF_Sheen.uasset" 2263
"../../../Engine/Plugins/Interchange/Assets/Content/gltf/MaterialFunctions/MF_Sheen.uexp" 2264
"../../../Engine/Plugins/Interchange/Assets/Content/gltf/MaterialBodies/MF_Sheen_Body.uasset" 2265
"../../../Engine/Plugins/Interchange/Assets/Content/gltf/MaterialBodies/MF_Sheen_Body.uexp" 2266
"../../../Engine/Plugins/Interchange/Assets/Content/gltf/M_Sheen.uasset" 2267
"../../../Engine/Plugins/Interchange/Assets/Content/gltf/M_Sheen.uexp" 2268
"../../../Engine/Plugins/Interchange/Assets/Content/gltf/MaterialInstances/MI_Sheen_Blend.uasset" 2269
"../../../Engine/Plugins/Interchange/Assets/Content/gltf/MaterialInstances/MI_Sheen_Blend.uexp" 2270
"../../../Engine/Plugins/Interchange/Assets/Content/gltf/MaterialInstances/MI_Sheen_Blend_DS.uasset" 2271
"../../../Engine/Plugins/Interchange/Assets/Content/gltf/MaterialInstances/MI_Sheen_Blend_DS.uexp" 2272
"../../../Engine/Plugins/Interchange/Assets/Content/gltf/MaterialInstances/MI_Sheen_Mask.uasset" 2273
"../../../Engine/Plugins/Interchange/Assets/Content/gltf/MaterialInstances/MI_Sheen_Mask.uexp" 2274
"../../../Engine/Plugins/Interchange/Assets/Content/gltf/MaterialInstances/MI_Sheen_Mask_DS.uasset" 2275
"../../../Engine/Plugins/Interchange/Assets/Content/gltf/MaterialInstances/MI_Sheen_Mask_DS.uexp" 2276
"../../../Engine/Plugins/Interchange/Assets/Content/gltf/MaterialInstances/MI_Sheen_Opaque.uasset" 2277
"../../../Engine/Plugins/Interchange/Assets/Content/gltf/MaterialInstances/MI_Sheen_Opaque.uexp" 2278
"../../../Engine/Plugins/Interchange/Assets/Content/gltf/MaterialInstances/MI_Sheen_Opaque_DS.uasset" 2279
"../../../Engine/Plugins/Interchange/Assets/Content/gltf/MaterialInstances/MI_Sheen_Opaque_DS.uexp" 2280
"../../../Engine/Content/Functions/Engine_MaterialFunctions02/Math/AddComponents.uasset" 2281
"../../../Engine/Content/Functions/Engine_MaterialFunctions02/Math/AddComponents.uexp" 2282
"../../../Engine/Plugins/Interchange/Assets/Content/gltf/MaterialFunctions/MF_DiffuseSpecGloss.uasset" 2283
"../../../Engine/Plugins/Interchange/Assets/Content/gltf/MaterialFunctions/MF_DiffuseSpecGloss.uexp" 2284
"../../../Engine/Plugins/Interchange/Assets/Content/gltf/MaterialFunctions/MF_PerceivedBrightness.uasset" 2285
"../../../Engine/Plugins/Interchange/Assets/Content/gltf/MaterialFunctions/MF_PerceivedBrightness.uexp" 2286
"../../../Engine/Plugins/Interchange/Assets/Content/gltf/MaterialFunctions/MF_SpecGlossToMetalRoughness.uasset" 2287
"../../../Engine/Plugins/Interchange/Assets/Content/gltf/MaterialFunctions/MF_SpecGlossToMetalRoughness.uexp" 2288
"../../../Engine/Plugins/Interchange/Assets/Content/gltf/MaterialFunctions/MF_MaxComponentValue.uasset" 2289
"../../../Engine/Plugins/Interchange/Assets/Content/gltf/MaterialFunctions/MF_MaxComponentValue.uexp" 2290
"../../../Engine/Plugins/Interchange/Assets/Content/gltf/MaterialBodies/MF_SpecularGlossiness_Body.uasset" 2291
"../../../Engine/Plugins/Interchange/Assets/Content/gltf/MaterialBodies/MF_SpecularGlossiness_Body.uexp" 2292
"../../../Engine/Plugins/Interchange/Assets/Content/gltf/M_SpecularGlossiness.uasset" 2293
"../../../Engine/Plugins/Interchange/Assets/Content/gltf/M_SpecularGlossiness.uexp" 2294
"../../../Engine/Plugins/Interchange/Assets/Content/gltf/MaterialInstances/MI_SpecularGlossiness_Blend.uasset" 2295
"../../../Engine/Plugins/Interchange/Assets/Content/gltf/MaterialInstances/MI_SpecularGlossiness_Blend.uexp" 2296
"../../../Engine/Plugins/Interchange/Assets/Content/gltf/MaterialInstances/MI_SpecularGlossiness_Blend_DS.uasset" 2297
"../../../Engine/Plugins/Interchange/Assets/Content/gltf/MaterialInstances/MI_SpecularGlossiness_Blend_DS.uexp" 2298
"../../../Engine/Plugins/Interchange/Assets/Content/gltf/MaterialInstances/MI_SpecularGlossiness_Mask.uasset" 2299
"../../../Engine/Plugins/Interchange/Assets/Content/gltf/MaterialInstances/MI_SpecularGlossiness_Mask.uexp" 2300
"../../../Engine/Plugins/Interchange/Assets/Content/gltf/MaterialInstances/MI_SpecularGlossiness_Mask_DS.uasset" 2301
"../../../Engine/Plugins/Interchange/Assets/Content/gltf/MaterialInstances/MI_SpecularGlossiness_Mask_DS.uexp" 2302
"../../../Engine/Plugins/Interchange/Assets/Content/gltf/MaterialInstances/MI_SpecularGlossiness_Opaque.uasset" 2303
"../../../Engine/Plugins/Interchange/Assets/Content/gltf/MaterialInstances/MI_SpecularGlossiness_Opaque.uexp" 2304
"../../../Engine/Plugins/Interchange/Assets/Content/gltf/MaterialInstances/MI_SpecularGlossiness_Opaque_DS.uasset" 2305
"../../../Engine/Plugins/Interchange/Assets/Content/gltf/MaterialInstances/MI_SpecularGlossiness_Opaque_DS.uexp" 2306
"../../../Engine/Content/EngineMaterials/Good64x64TilingNoiseHighFreq.uasset" 2307
"../../../Engine/Content/EngineMaterials/Good64x64TilingNoiseHighFreq.uexp" 2308
"../../../Engine/Content/Functions/Engine_MaterialFunctions02/Texturing/ScreenAlignedPixelToPixelUVs.uasset" 2309
"../../../Engine/Content/Functions/Engine_MaterialFunctions02/Texturing/ScreenAlignedPixelToPixelUVs.uexp" 2310
"../../../Engine/Plugins/Interchange/Assets/Content/gltf/MaterialFunctions/MF_Temporal_Blur.uasset" 2311
"../../../Engine/Plugins/Interchange/Assets/Content/gltf/MaterialFunctions/MF_Temporal_Blur.uexp" 2312
"../../../Engine/Plugins/Interchange/Assets/Content/gltf/MaterialFunctions/MF_Fresnel_DS.uasset" 2313
"../../../Engine/Plugins/Interchange/Assets/Content/gltf/MaterialFunctions/MF_Fresnel_DS.uexp" 2314
"../../../Engine/Plugins/Interchange/Assets/Content/gltf/MaterialFunctions/MF_Transmission.uasset" 2315
"../../../Engine/Plugins/Interchange/Assets/Content/gltf/MaterialFunctions/MF_Transmission.uexp" 2316
"../../../Engine/Plugins/Interchange/Assets/Content/gltf/MaterialBodies/MF_Transmission_Body.uasset" 2317
"../../../Engine/Plugins/Interchange/Assets/Content/gltf/MaterialBodies/MF_Transmission_Body.uexp" 2318
"../../../Engine/Plugins/Interchange/Assets/Content/gltf/M_Transmission.uasset" 2319
"../../../Engine/Plugins/Interchange/Assets/Content/gltf/M_Transmission.uexp" 2320
"../../../Engine/Plugins/Interchange/Assets/Content/gltf/MaterialInstances/MI_Transmission.uasset" 2321
"../../../Engine/Plugins/Interchange/Assets/Content/gltf/MaterialInstances/MI_Transmission.uexp" 2322
"../../../Engine/Plugins/Interchange/Assets/Content/gltf/MaterialBodies/MF_Unlit_Body.uasset" 2323
"../../../Engine/Plugins/Interchange/Assets/Content/gltf/MaterialBodies/MF_Unlit_Body.uexp" 2324
"../../../Engine/Plugins/Interchange/Assets/Content/gltf/M_Unlit.uasset" 2325
"../../../Engine/Plugins/Interchange/Assets/Content/gltf/M_Unlit.uexp" 2326
"../../../Engine/Plugins/Interchange/Assets/Content/gltf/MaterialInstances/MI_Unlit_Blend.uasset" 2327
"../../../Engine/Plugins/Interchange/Assets/Content/gltf/MaterialInstances/MI_Unlit_Blend.uexp" 2328
"../../../Engine/Plugins/Interchange/Assets/Content/gltf/MaterialInstances/MI_Unlit_Blend_DS.uasset" 2329
"../../../Engine/Plugins/Interchange/Assets/Content/gltf/MaterialInstances/MI_Unlit_Blend_DS.uexp" 2330
"../../../Engine/Plugins/Interchange/Assets/Content/gltf/MaterialInstances/MI_Unlit_Mask.uasset" 2331
"../../../Engine/Plugins/Interchange/Assets/Content/gltf/MaterialInstances/MI_Unlit_Mask.uexp" 2332
"../../../Engine/Plugins/Interchange/Assets/Content/gltf/MaterialInstances/MI_Unlit_Mask_DS.uasset" 2333
"../../../Engine/Plugins/Interchange/Assets/Content/gltf/MaterialInstances/MI_Unlit_Mask_DS.uexp" 2334
"../../../Engine/Plugins/Interchange/Assets/Content/gltf/MaterialInstances/MI_Unlit_Opaque.uasset" 2335
"../../../Engine/Plugins/Interchange/Assets/Content/gltf/MaterialInstances/MI_Unlit_Opaque.uexp" 2336
"../../../Engine/Plugins/Interchange/Assets/Content/gltf/MaterialInstances/MI_Unlit_Opaque_DS.uasset" 2337
"../../../Engine/Plugins/Interchange/Assets/Content/gltf/MaterialInstances/MI_Unlit_Opaque_DS.uexp" 2338
"../../../Engine/Content/Functions/Engine_MaterialFunctions02/Texturing/CustomRotator.uasset" 2339
"../../../Engine/Content/Functions/Engine_MaterialFunctions02/Texturing/CustomRotator.uexp" 2340
"../../../Engine/Content/Functions/Engine_MaterialFunctions01/Texturing/ScaleUVsByCenter.uasset" 2341
"../../../Engine/Content/Functions/Engine_MaterialFunctions01/Texturing/ScaleUVsByCenter.uexp" 2342
"../../../Engine/Content/Functions/Engine_MaterialFunctions01/Gradient/GeneratedRoundRect.uasset" 2343
"../../../Engine/Content/Functions/Engine_MaterialFunctions01/Gradient/GeneratedRoundRect.uexp" 2344
"../../../Engine/Content/Functions/Engine_MaterialFunctions01/Gradient/SphereGradient-2D.uasset" 2345
"../../../Engine/Content/Functions/Engine_MaterialFunctions01/Gradient/SphereGradient-2D.uexp" 2346
"../../../Engine/Plugins/Runtime/AudioWidgets/Content/AudioMaterialSlate/Functions/MF_DotOutlined.uasset" 2347
"../../../Engine/Plugins/Runtime/AudioWidgets/Content/AudioMaterialSlate/Functions/MF_DotOutlined.uexp" 2348
"../../../Engine/Plugins/Runtime/AudioWidgets/Content/AudioMaterialSlate/M_AudioMaterialEnvelope_ADSR.uasset" 2349
"../../../Engine/Plugins/Runtime/AudioWidgets/Content/AudioMaterialSlate/M_AudioMaterialEnvelope_ADSR.uexp" 2350
"../../../Engine/Plugins/Runtime/AudioWidgets/Content/AudioMaterialSlate/MI_AudioMaterialEnvelope_ADSR.uasset" 2351
"../../../Engine/Plugins/Runtime/AudioWidgets/Content/AudioMaterialSlate/MI_AudioMaterialEnvelope_ADSR.uexp" 2352
"../../../Engine/Plugins/Runtime/AudioWidgets/Content/AudioMaterialSlate/Functions/MF_SingleLine_Smooth.uasset" 2353
"../../../Engine/Plugins/Runtime/AudioWidgets/Content/AudioMaterialSlate/Functions/MF_SingleLine_Smooth.uexp" 2354
"../../../Engine/Plugins/Runtime/AudioWidgets/Content/AudioMaterialSlate/Functions/MF_AngleGradient.uasset" 2355
"../../../Engine/Plugins/Runtime/AudioWidgets/Content/AudioMaterialSlate/Functions/MF_AngleGradient.uexp" 2356
"../../../Engine/Content/Functions/Engine_MaterialFunctions02/Lerp_3Color.uasset" 2357
"../../../Engine/Content/Functions/Engine_MaterialFunctions02/Lerp_3Color.uexp" 2358
"../../../Engine/Plugins/Runtime/AudioWidgets/Content/AudioMaterialSlate/M_AudioMaterialKnob.uasset" 2359
"../../../Engine/Plugins/Runtime/AudioWidgets/Content/AudioMaterialSlate/M_AudioMaterialKnob.uexp" 2360
"../../../Engine/Plugins/Runtime/AudioWidgets/Content/AudioMaterialSlate/MI_AudioMaterialKnob.uasset" 2361
"../../../Engine/Plugins/Runtime/AudioWidgets/Content/AudioMaterialSlate/MI_AudioMaterialKnob.uexp" 2362
"../../../Engine/Plugins/Runtime/AudioWidgets/Content/AudioMaterialSlate/Functions/MF_Lines.uasset" 2363
"../../../Engine/Plugins/Runtime/AudioWidgets/Content/AudioMaterialSlate/Functions/MF_Lines.uexp" 2364
"../../../Engine/Plugins/Runtime/AudioWidgets/Content/AudioMaterialSlate/M_AudioMaterialMeter.uasset" 2365
"../../../Engine/Plugins/Runtime/AudioWidgets/Content/AudioMaterialSlate/M_AudioMaterialMeter.uexp" 2366
"../../../Engine/Plugins/Runtime/AudioWidgets/Content/AudioMaterialSlate/MI_AudioMaterialMeter.uasset" 2367
"../../../Engine/Plugins/Runtime/AudioWidgets/Content/AudioMaterialSlate/MI_AudioMaterialMeter.uexp" 2368
"../../../Engine/Plugins/Runtime/AudioWidgets/Content/AudioMaterialSlate/M_AudioMaterialRoundedSlider.uasset" 2369
"../../../Engine/Plugins/Runtime/AudioWidgets/Content/AudioMaterialSlate/M_AudioMaterialRoundedSlider.uexp" 2370
"../../../Engine/Plugins/Runtime/AudioWidgets/Content/AudioMaterialSlate/MI_AudioMaterialRoundedSlider.uasset" 2371
"../../../Engine/Plugins/Runtime/AudioWidgets/Content/AudioMaterialSlate/MI_AudioMaterialRoundedSlider.uexp" 2372
"../../../Engine/Plugins/Runtime/AudioWidgets/Content/AudioMaterialSlate/Functions/MF_SingleLine.uasset" 2373
"../../../Engine/Plugins/Runtime/AudioWidgets/Content/AudioMaterialSlate/Functions/MF_SingleLine.uexp" 2374
"../../../Engine/Plugins/Runtime/AudioWidgets/Content/AudioMaterialSlate/M_AudioMaterialToggleButton.uasset" 2375
"../../../Engine/Plugins/Runtime/AudioWidgets/Content/AudioMaterialSlate/M_AudioMaterialToggleButton.uexp" 2376
"../../../Engine/Plugins/Runtime/AudioWidgets/Content/AudioMaterialSlate/MI_AudioMaterialToggleButton.uasset" 2377
"../../../Engine/Plugins/Runtime/AudioWidgets/Content/AudioMaterialSlate/MI_AudioMaterialToggleButton.uexp" 2378
"../../../Engine/Plugins/2D/Paper2D/Content/DefaultSpriteMaterial.uasset" 2379
"../../../Engine/Plugins/2D/Paper2D/Content/DefaultSpriteMaterial.uexp" 2380
"../../../Engine/Plugins/2D/Paper2D/Content/MaskedUnlitSpriteMaterial.uasset" 2381
"../../../Engine/Plugins/2D/Paper2D/Content/MaskedUnlitSpriteMaterial.uexp" 2382
"../../../Engine/Plugins/2D/Paper2D/Content/OpaqueUnlitSpriteMaterial.uasset" 2383
"../../../Engine/Plugins/2D/Paper2D/Content/OpaqueUnlitSpriteMaterial.uexp" 2384
"../../../Engine/Plugins/Media/MediaPlate/Content/SM_MediaPlateScreen.ubulk" 2385
"../../../Engine/Plugins/Media/MediaPlate/Content/SM_MediaPlateScreen.uasset" 2386
"../../../Engine/Plugins/Media/MediaPlate/Content/SM_MediaPlateScreen.uexp" 2387
"../../../Engine/Plugins/NNE/NNEDenoiser/Content/NNEDIM_ColorAlbedoNormal_Alpha.uasset" 2388
"../../../Engine/Plugins/NNE/NNEDenoiser/Content/NNEDIM_ColorAlbedoNormal_Alpha.uexp" 2389
"../../../Engine/Plugins/NNE/NNEDenoiser/Content/NNEDIM_ColorAlbedoNormal_Default.uasset" 2390
"../../../Engine/Plugins/NNE/NNEDenoiser/Content/NNEDIM_ColorAlbedoNormal_Default.uexp" 2391
"../../../Engine/Plugins/NNE/NNEDenoiser/Content/NNEDIM_HighQuality_Alpha.uasset" 2392
"../../../Engine/Plugins/NNE/NNEDenoiser/Content/NNEDIM_HighQuality_Alpha.uexp" 2393
"../../../Engine/Plugins/NNE/NNEDenoiser/Content/NNEDIM_HighQuality_Default.uasset" 2394
"../../../Engine/Plugins/NNE/NNEDenoiser/Content/NNEDIM_HighQuality_Default.uexp" 2395
"../../../Engine/Plugins/NNE/NNEDenoiser/Content/NNEDOM_Output_Alpha.uasset" 2396
"../../../Engine/Plugins/NNE/NNEDenoiser/Content/NNEDOM_Output_Alpha.uexp" 2397
"../../../Engine/Plugins/NNE/NNEDenoiser/Content/NNEDOM_Output_Default.uasset" 2398
"../../../Engine/Plugins/NNE/NNEDenoiser/Content/NNEDOM_Output_Default.uexp" 2399
"../../../Engine/Plugins/NNE/NNEDenoiser/Content/NNEDTIM_ColorAlbedoNormal_Alpha.uasset" 2400
"../../../Engine/Plugins/NNE/NNEDenoiser/Content/NNEDTIM_ColorAlbedoNormal_Alpha.uexp" 2401
"../../../Engine/Plugins/NNE/NNEDenoiser/Content/NNEDTIM_ColorAlbedoNormal_Default.uasset" 2402
"../../../Engine/Plugins/NNE/NNEDenoiser/Content/NNEDTIM_ColorAlbedoNormal_Default.uexp" 2403
"../../../Engine/Plugins/NNE/NNEDenoiser/Content/NNEDTOM_Output_Alpha.uasset" 2404
"../../../Engine/Plugins/NNE/NNEDenoiser/Content/NNEDTOM_Output_Alpha.uexp" 2405
"../../../Engine/Plugins/NNE/NNEDenoiser/Content/NNEDTOM_Output_Default.uasset" 2406
"../../../Engine/Plugins/NNE/NNEDenoiser/Content/NNEDTOM_Output_Default.uexp" 2407
"../../../Engine/Content/EngineResources/LandscapeVisibilityLayerInfo.uasset" 2408
"../../../Engine/Content/EngineResources/LandscapeVisibilityLayerInfo.uexp" 2409
"../../../Engine/Content/VREditor/TransformGizmo/StartRotationHandleIndicator.ubulk" 2410
"../../../Engine/Content/VREditor/TransformGizmo/StartRotationHandleIndicator.uasset" 2411
"../../../Engine/Content/VREditor/TransformGizmo/StartRotationHandleIndicator.uexp" 2412
"../../../Engine/Content/VREditor/Sounds/UI/Drop_Item_From_ContentBrowser.ubulk" 2413
"../../../Engine/Content/VREditor/Sounds/UI/Drop_Item_From_ContentBrowser.uasset" 2414
"../../../Engine/Content/VREditor/Sounds/UI/Drop_Item_From_ContentBrowser.uexp" 2415
"../../../Engine/Content/VREditor/TransformGizmo/PlaneTranslationHandle.ubulk" 2416
"../../../Engine/Content/VREditor/TransformGizmo/PlaneTranslationHandle.uasset" 2417
"../../../Engine/Content/VREditor/TransformGizmo/PlaneTranslationHandle.uexp" 2418
"../../../Engine/Content/VREditor/Sounds/UI/Object_Snaps_To_Grid.ubulk" 2419
"../../../Engine/Content/VREditor/Sounds/UI/Object_Snaps_To_Grid.uasset" 2420
"../../../Engine/Content/VREditor/Sounds/UI/Object_Snaps_To_Grid.uexp" 2421
"../../../Engine/Content/VREditor/Sounds/UI/Selection_Changes.ubulk" 2422
"../../../Engine/Content/VREditor/Sounds/UI/Selection_Changes.uasset" 2423
"../../../Engine/Content/VREditor/Sounds/UI/Selection_Changes.uexp" 2424
"../../../Engine/Content/VREditor/Sounds/UI/Object_Snaps_To_Another_Actor.ubulk" 2425
"../../../Engine/Content/VREditor/Sounds/UI/Object_Snaps_To_Another_Actor.uasset" 2426
"../../../Engine/Content/VREditor/Sounds/UI/Object_Snaps_To_Another_Actor.uexp" 2427
"../../../Engine/Content/VREditor/TransformGizmo/TranslucentTransformGizmoMaterial_Inst.uasset" 2428
"../../../Engine/Content/VREditor/TransformGizmo/TranslucentTransformGizmoMaterial_Inst.uexp" 2429
"../../../Engine/Content/VREditor/TransformGizmo/TransformGizmoFreeRotation.ubulk" 2430
"../../../Engine/Content/VREditor/TransformGizmo/TransformGizmoFreeRotation.uasset" 2431
"../../../Engine/Content/VREditor/TransformGizmo/TransformGizmoFreeRotation.uexp" 2432
"../../../Engine/Content/VREditor/Sounds/UI/Scaling_Down.ubulk" 2433
"../../../Engine/Content/VREditor/Sounds/UI/Scaling_Down.uasset" 2434
"../../../Engine/Content/VREditor/Sounds/UI/Scaling_Down.uexp" 2435
"../../../Engine/Content/Functions/Engine_MaterialFunctions02/SplitComponents.uasset" 2436
"../../../Engine/Content/Functions/Engine_MaterialFunctions02/SplitComponents.uexp" 2437
"../../../Engine/Content/VREditor/SnapGrid/SnapGridMaterial.uasset" 2438
"../../../Engine/Content/VREditor/SnapGrid/SnapGridMaterial.uexp" 2439
"../../../Engine/Content/VREditor/SnapGrid/SnapGridPlaneMesh.ubulk" 2440
"../../../Engine/Content/VREditor/SnapGrid/SnapGridPlaneMesh.uasset" 2441
"../../../Engine/Content/VREditor/SnapGrid/SnapGridPlaneMesh.uexp" 2442
"../../../Engine/Content/VREditor/Sounds/UI/Scaling_Up.ubulk" 2443
"../../../Engine/Content/VREditor/Sounds/UI/Scaling_Up.uasset" 2444
"../../../Engine/Content/VREditor/Sounds/UI/Scaling_Up.uexp" 2445
"../../../Engine/Content/VREditor/TransformGizmo/TransformGizmoMaterial_Inst.uasset" 2446
"../../../Engine/Content/VREditor/TransformGizmo/TransformGizmoMaterial_Inst.uexp" 2447
"../../../Engine/Content/VREditor/Sounds/UI/Gizmo_Handle_Clicked.ubulk" 2448
"../../../Engine/Content/VREditor/Sounds/UI/Gizmo_Handle_Clicked.uasset" 2449
"../../../Engine/Content/VREditor/Sounds/UI/Gizmo_Handle_Clicked.uexp" 2450
"../../../Engine/Content/VREditor/TransformGizmo/RotationHandleQuarter.ubulk" 2451
"../../../Engine/Content/VREditor/TransformGizmo/RotationHandleQuarter.uasset" 2452
"../../../Engine/Content/VREditor/TransformGizmo/RotationHandleQuarter.uexp" 2453
"../../../Engine/Content/VREditor/TransformGizmo/TranslateArrowHandle.ubulk" 2454
"../../../Engine/Content/VREditor/TransformGizmo/TranslateArrowHandle.uasset" 2455
"../../../Engine/Content/VREditor/TransformGizmo/TranslateArrowHandle.uexp" 2456
"../../../Engine/Content/VREditor/TransformGizmo/RotationHandleIndicator.ubulk" 2457
"../../../Engine/Content/VREditor/TransformGizmo/RotationHandleIndicator.uasset" 2458
"../../../Engine/Content/VREditor/TransformGizmo/RotationHandleIndicator.uexp" 2459
"../../../Engine/Content/VREditor/TransformGizmo/UniformScaleHandle.ubulk" 2460
"../../../Engine/Content/VREditor/TransformGizmo/UniformScaleHandle.uasset" 2461
"../../../Engine/Content/VREditor/TransformGizmo/UniformScaleHandle.uexp" 2462
"../../../Engine/Content/VREditor/TransformGizmo/RotationHandleFull.ubulk" 2463
"../../../Engine/Content/VREditor/TransformGizmo/RotationHandleFull.uasset" 2464
"../../../Engine/Content/VREditor/TransformGizmo/RotationHandleFull.uexp" 2465
"../../../Engine/Content/VREditor/Sounds/UI/Object_PickUp.ubulk" 2466
"../../../Engine/Content/VREditor/Sounds/UI/Object_PickUp.uasset" 2467
"../../../Engine/Content/VREditor/Sounds/UI/Object_PickUp.uexp" 2468
"../../../Engine/Plugins/Animation/DeformerGraph/Content/DeformerFunctions/DG_Function_ComputeNormalsTangents.uasset" 2469
"../../../Engine/Plugins/Animation/DeformerGraph/Content/DeformerFunctions/DG_Function_ComputeNormalsTangents.uexp" 2470
"../../../Engine/Plugins/Animation/DeformerGraph/Content/DeformerFunctions/DG_Function_LinearBlendSkin_Morph_Cloth.uasset" 2471
"../../../Engine/Plugins/Animation/DeformerGraph/Content/DeformerFunctions/DG_Function_LinearBlendSkin_Morph_Cloth.uexp" 2472
"../../../Engine/Plugins/Animation/DeformerGraph/Content/DeformerFunctions/DG_Function_LinearBlendSkin_Morph_Cloth_PositionOnly.uasset" 2473
"../../../Engine/Plugins/Animation/DeformerGraph/Content/DeformerFunctions/DG_Function_LinearBlendSkin_Morph_Cloth_PositionOnly.uexp" 2474
"../../../Engine/Plugins/Animation/DeformerGraph/Content/Deformers/DG_LinearBlendSkin_Morph_Cloth.uasset" 2475
"../../../Engine/Plugins/Animation/DeformerGraph/Content/Deformers/DG_LinearBlendSkin_Morph_Cloth.uexp" 2476
"../../../Engine/Plugins/Animation/DeformerGraph/Content/Deformers/DG_LinearBlendSkin_Morph_Cloth_RecomputeNormals.uasset" 2477
"../../../Engine/Plugins/Animation/DeformerGraph/Content/Deformers/DG_LinearBlendSkin_Morph_Cloth_RecomputeNormals.uexp" 2478
"../../../Engine/Plugins/NNE/NNEDenoiser/Content/NNEDT_Oidn2-3_Balanced.uasset" 2479
"../../../Engine/Plugins/NNE/NNEDenoiser/Content/NNEDT_Oidn2-3_Balanced.uexp" 2480
"../../../Engine/Plugins/NNE/NNEDenoiser/Content/NNEDT_Oidn2-3_Balanced_Alpha.uasset" 2481
"../../../Engine/Plugins/NNE/NNEDenoiser/Content/NNEDT_Oidn2-3_Balanced_Alpha.uexp" 2482
"../../../Engine/Plugins/NNE/NNEDenoiser/Content/NNED_Oidn2-3_Balanced.uasset" 2483
"../../../Engine/Plugins/NNE/NNEDenoiser/Content/NNED_Oidn2-3_Balanced.uexp" 2484
"../../../Engine/Plugins/NNE/NNEDenoiser/Content/NNED_Oidn2-3_Balanced_Alpha.uasset" 2485
"../../../Engine/Plugins/NNE/NNEDenoiser/Content/NNED_Oidn2-3_Balanced_Alpha.uexp" 2486
"../../../Engine/Plugins/NNE/NNEDenoiser/Content/NNED_Oidn2-3_Fast.uasset" 2487
"../../../Engine/Plugins/NNE/NNEDenoiser/Content/NNED_Oidn2-3_Fast.uexp" 2488
"../../../Engine/Plugins/NNE/NNEDenoiser/Content/NNED_Oidn2-3_Fast_Alpha.uasset" 2489
"../../../Engine/Plugins/NNE/NNEDenoiser/Content/NNED_Oidn2-3_Fast_Alpha.uexp" 2490
"../../../Engine/Plugins/NNE/NNEDenoiser/Content/NNED_Oidn2-3_HighQuality.uasset" 2491
"../../../Engine/Plugins/NNE/NNEDenoiser/Content/NNED_Oidn2-3_HighQuality.uexp" 2492
"../../../Engine/Plugins/NNE/NNEDenoiser/Content/NNED_Oidn2-3_HighQuality_Alpha.uasset" 2493
"../../../Engine/Plugins/NNE/NNEDenoiser/Content/NNED_Oidn2-3_HighQuality_Alpha.uexp" 2494
"../../../Engine/Plugins/NNE/NNEDenoiser/Content/NNE_oidn2-3-0_rt_hdr_alb_nrm_small__dyn__fp16_opset11_DenoiseAlpha.uasset" 2495
"../../../Engine/Plugins/NNE/NNEDenoiser/Content/NNE_oidn2-3-0_rt_hdr_alb_nrm_small__dyn__fp16_opset11_DenoiseAlpha.uexp" 2496
"../../../Engine/Plugins/NNE/NNEDenoiser/Content/NNE_oidn2-3-0_rt_hdr_alb_nrm_small__dyn__fp16_opset11_ForwardAlpha.uasset" 2497
"../../../Engine/Plugins/NNE/NNEDenoiser/Content/NNE_oidn2-3-0_rt_hdr_alb_nrm_small__dyn__fp16_opset11_ForwardAlpha.uexp" 2498
"../../../Engine/Plugins/NNE/NNEDenoiser/Content/NNE_oidn2-3-0_rt_hdr_alb_nrm__dyn__fp16_opset11_DenoiseAlpha.uasset" 2499
"../../../Engine/Plugins/NNE/NNEDenoiser/Content/NNE_oidn2-3-0_rt_hdr_alb_nrm__dyn__fp16_opset11_DenoiseAlpha.uexp" 2500
"../../../Engine/Plugins/NNE/NNEDenoiser/Content/NNE_oidn2-3-0_rt_hdr_alb_nrm__dyn__fp16_opset11_ForwardAlpha.uasset" 2501
"../../../Engine/Plugins/NNE/NNEDenoiser/Content/NNE_oidn2-3-0_rt_hdr_alb_nrm__dyn__fp16_opset11_ForwardAlpha.uexp" 2502
"../../../Engine/Plugins/NNE/NNEDenoiser/Content/NNE_oidn2-3-0_rt_hdr_calb_cnrm_large__dyn__fp16_opset11_DenoiseAlpha.uasset" 2503
"../../../Engine/Plugins/NNE/NNEDenoiser/Content/NNE_oidn2-3-0_rt_hdr_calb_cnrm_large__dyn__fp16_opset11_DenoiseAlpha.uexp" 2504
"../../../Engine/Plugins/NNE/NNEDenoiser/Content/NNE_oidn2-3-0_rt_hdr_calb_cnrm_large__dyn__fp16_opset11_ForwardAlpha.uasset" 2505
"../../../Engine/Plugins/NNE/NNEDenoiser/Content/NNE_oidn2-3-0_rt_hdr_calb_cnrm_large__dyn__fp16_opset11_ForwardAlpha.uexp" 2506
"../../../Engine/Content/EngineMaterials/DefaultMaterial.uasset" 2507
"../../../Engine/Content/EngineMaterials/DefaultMaterial.uexp" 2508
"../../../Engine/Content/BasicShapes/Sphere.ubulk" 2509
"../../../Engine/Content/BasicShapes/Sphere.uasset" 2510
"../../../Engine/Content/BasicShapes/Sphere.uexp" 2511
"../../../Engine/Content/BasicShapes/Cylinder.ubulk" 2512
"../../../Engine/Content/BasicShapes/Cylinder.uasset" 2513
"../../../Engine/Content/BasicShapes/Cylinder.uexp" 2514
"../../../Engine/Content/BasicShapes/Cone.ubulk" 2515
"../../../Engine/Content/BasicShapes/Cone.uasset" 2516
"../../../Engine/Content/BasicShapes/Cone.uexp" 2517
"E:/Projects/Clowns/Content/HorrorEngine/Meshes/Arch_Wall_High_SM.ubulk" 2518
"E:/Projects/Clowns/Content/HorrorEngine/Meshes/Arch_Wall_High_SM.uasset" 2519
"E:/Projects/Clowns/Content/HorrorEngine/Meshes/Arch_Wall_High_SM.uexp" 2520
"E:/Projects/Clowns/Content/HorrorEngine/Textures/T_Security_Button_3_D.ubulk" 2521
"E:/Projects/Clowns/Content/HorrorEngine/Textures/T_Security_Button_3_D.uasset" 2522
"E:/Projects/Clowns/Content/HorrorEngine/Textures/T_Security_Button_3_D.uexp" 2523
"E:/Projects/Clowns/Content/HorrorEngine/Textures/T_Moon_N.ubulk" 2524
"E:/Projects/Clowns/Content/HorrorEngine/Textures/T_Moon_N.uasset" 2525
"E:/Projects/Clowns/Content/HorrorEngine/Textures/T_Moon_N.uexp" 2526
"E:/Projects/Clowns/Content/HorrorEngine/Textures/T_Moon_M.ubulk" 2527
"E:/Projects/Clowns/Content/HorrorEngine/Textures/T_Moon_M.uasset" 2528
"E:/Projects/Clowns/Content/HorrorEngine/Textures/T_Moon_M.uexp" 2529
"E:/Projects/Clowns/Content/HorrorEngine/Textures/T_Moon_D.ubulk" 2530
"E:/Projects/Clowns/Content/HorrorEngine/Textures/T_Moon_D.uasset" 2531
"E:/Projects/Clowns/Content/HorrorEngine/Textures/T_Moon_D.uexp" 2532
"E:/Projects/Clowns/Content/HorrorEngine/Materials/M_Moon.uasset" 2533
"E:/Projects/Clowns/Content/HorrorEngine/Materials/M_Moon.uexp" 2534
"E:/Projects/Clowns/Content/HorrorEngine/Meshes/Moon_SM.ubulk" 2535
"E:/Projects/Clowns/Content/HorrorEngine/Meshes/Moon_SM.uasset" 2536
"E:/Projects/Clowns/Content/HorrorEngine/Meshes/Moon_SM.uexp" 2537
"E:/Projects/Clowns/Content/HorrorEngine/Audio/Voices/S_Dialogue_03.uasset" 2538
"E:/Projects/Clowns/Content/HorrorEngine/Audio/Voices/S_Dialogue_03.uexp" 2539
"E:/Projects/Clowns/Content/HorrorEngine/Audio/Voices/S_Dialogue_03_Cue.uasset" 2540
"E:/Projects/Clowns/Content/HorrorEngine/Audio/Voices/S_Dialogue_03_Cue.uexp" 2541
"E:/Projects/Clowns/Content/HorrorEngine/Materials/M_Security_Monitor_Screen.uasset" 2542
"E:/Projects/Clowns/Content/HorrorEngine/Materials/M_Security_Monitor_Screen.uexp" 2543
"E:/Projects/Clowns/Content/HorrorEngine/Meshes/Security_Monitor_4x3_SM.ubulk" 2544
"E:/Projects/Clowns/Content/HorrorEngine/Meshes/Security_Monitor_4x3_SM.uasset" 2545
"E:/Projects/Clowns/Content/HorrorEngine/Meshes/Security_Monitor_4x3_SM.uexp" 2546
"E:/Projects/Clowns/Content/HorrorEngine/Blueprints/Core/Camera_Sensing.uasset" 2547
"E:/Projects/Clowns/Content/HorrorEngine/Blueprints/Core/Camera_Sensing.uexp" 2548
"E:/Projects/Clowns/Content/HorrorEngine/Textures/T_Security_Camera_D.ubulk" 2549
"E:/Projects/Clowns/Content/HorrorEngine/Textures/T_Security_Camera_D.uasset" 2550
"E:/Projects/Clowns/Content/HorrorEngine/Textures/T_Security_Camera_D.uexp" 2551
"E:/Projects/Clowns/Content/HorrorEngine/Textures/T_Security_Camera_M.ubulk" 2552
"E:/Projects/Clowns/Content/HorrorEngine/Textures/T_Security_Camera_M.uasset" 2553
"E:/Projects/Clowns/Content/HorrorEngine/Textures/T_Security_Camera_M.uexp" 2554
"E:/Projects/Clowns/Content/HorrorEngine/Materials/MaterialInstances/MI_Security_Cam.uasset" 2555
"E:/Projects/Clowns/Content/HorrorEngine/Materials/MaterialInstances/MI_Security_Cam.uexp" 2556
"E:/Projects/Clowns/Content/HorrorEngine/Meshes/Security_Cam_Part_SM.ubulk" 2557
"E:/Projects/Clowns/Content/HorrorEngine/Meshes/Security_Cam_Part_SM.uasset" 2558
"E:/Projects/Clowns/Content/HorrorEngine/Meshes/Security_Cam_Part_SM.uexp" 2559
"E:/Projects/Clowns/Content/HorrorEngine/Textures/T_Digit_1_D.uasset" 2560
"E:/Projects/Clowns/Content/HorrorEngine/Textures/T_Digit_1_D.uexp" 2561
"E:/Projects/Clowns/Content/HorrorEngine/Textures/T_Security_Button_1_D.ubulk" 2562
"E:/Projects/Clowns/Content/HorrorEngine/Textures/T_Security_Button_1_D.uasset" 2563
"E:/Projects/Clowns/Content/HorrorEngine/Textures/T_Security_Button_1_D.uexp" 2564
"E:/Projects/Clowns/Content/HorrorEngine/Materials/M_Security_Button.uasset" 2565
"E:/Projects/Clowns/Content/HorrorEngine/Materials/M_Security_Button.uexp" 2566
"E:/Projects/Clowns/Content/HorrorEngine/Meshes/Security_Button_SM.ubulk" 2567
"E:/Projects/Clowns/Content/HorrorEngine/Meshes/Security_Button_SM.uasset" 2568
"E:/Projects/Clowns/Content/HorrorEngine/Meshes/Security_Button_SM.uexp" 2569
"E:/Projects/Clowns/Content/HorrorEngine/Audio/_SoundSettings/ATT_Alarm.uasset" 2570
"E:/Projects/Clowns/Content/HorrorEngine/Audio/_SoundSettings/ATT_Alarm.uexp" 2571
"E:/Projects/Clowns/Content/HorrorEngine/Textures/T_Security_Button_7_D.ubulk" 2572
"E:/Projects/Clowns/Content/HorrorEngine/Textures/T_Security_Button_7_D.uasset" 2573
"E:/Projects/Clowns/Content/HorrorEngine/Textures/T_Security_Button_7_D.uexp" 2574
"E:/Projects/Clowns/Content/HorrorEngine/Audio/Elecronics/S_Access_Denied.uasset" 2575
"E:/Projects/Clowns/Content/HorrorEngine/Audio/Elecronics/S_Access_Denied.uexp" 2576
"E:/Projects/Clowns/Content/HorrorEngine/Audio/Elecronics/S_Access_Denied_Cue.uasset" 2577
"E:/Projects/Clowns/Content/HorrorEngine/Audio/Elecronics/S_Access_Denied_Cue.uexp" 2578
"E:/Projects/Clowns/Content/HorrorEngine/Audio/Elecronics/S_Alarm_Warning.uasset" 2579
"E:/Projects/Clowns/Content/HorrorEngine/Audio/Elecronics/S_Alarm_Warning.uexp" 2580
"E:/Projects/Clowns/Content/HorrorEngine/Audio/Elecronics/S_Alarm_Warning_Cue.uasset" 2581
"E:/Projects/Clowns/Content/HorrorEngine/Audio/Elecronics/S_Alarm_Warning_Cue.uexp" 2582
"E:/Projects/Clowns/Content/HorrorEngine/Audio/Elecronics/S_Access_Granted.uasset" 2583
"E:/Projects/Clowns/Content/HorrorEngine/Audio/Elecronics/S_Access_Granted.uexp" 2584
"E:/Projects/Clowns/Content/HorrorEngine/Audio/Elecronics/S_Access_Granted_Cue.uasset" 2585
"E:/Projects/Clowns/Content/HorrorEngine/Audio/Elecronics/S_Access_Granted_Cue.uexp" 2586
"E:/Projects/Clowns/Content/HorrorEngine/Textures/T_Security_Button_9_D.ubulk" 2587
"E:/Projects/Clowns/Content/HorrorEngine/Textures/T_Security_Button_9_D.uasset" 2588
"E:/Projects/Clowns/Content/HorrorEngine/Textures/T_Security_Button_9_D.uexp" 2589
"E:/Projects/Clowns/Content/HorrorEngine/Audio/Elecronics/S_LockPanelEmptyButton.uasset" 2590
"E:/Projects/Clowns/Content/HorrorEngine/Audio/Elecronics/S_LockPanelEmptyButton.uexp" 2591
"E:/Projects/Clowns/Content/HorrorEngine/Textures/T_Security_Button_Reset_D.ubulk" 2592
"E:/Projects/Clowns/Content/HorrorEngine/Textures/T_Security_Button_Reset_D.uasset" 2593
"E:/Projects/Clowns/Content/HorrorEngine/Textures/T_Security_Button_Reset_D.uexp" 2594
"E:/Projects/Clowns/Content/HorrorEngine/Textures/T_Digit_3_D.uasset" 2595
"E:/Projects/Clowns/Content/HorrorEngine/Textures/T_Digit_3_D.uexp" 2596
"E:/Projects/Clowns/Content/HorrorEngine/Textures/T_Security_Button_5_D.ubulk" 2597
"E:/Projects/Clowns/Content/HorrorEngine/Textures/T_Security_Button_5_D.uasset" 2598
"E:/Projects/Clowns/Content/HorrorEngine/Textures/T_Security_Button_5_D.uexp" 2599
"E:/Projects/Clowns/Content/HorrorEngine/Meshes/Speaker_SM.ubulk" 2600
"E:/Projects/Clowns/Content/HorrorEngine/Meshes/Speaker_SM.uasset" 2601
"E:/Projects/Clowns/Content/HorrorEngine/Meshes/Speaker_SM.uexp" 2602
"E:/Projects/Clowns/Content/HorrorEngine/Materials/MaterialInstances/MI_Security_Light.uasset" 2603
"E:/Projects/Clowns/Content/HorrorEngine/Materials/MaterialInstances/MI_Security_Light.uexp" 2604
"E:/Projects/Clowns/Content/HorrorEngine/Meshes/Security_Alarm_SM.ubulk" 2605
"E:/Projects/Clowns/Content/HorrorEngine/Meshes/Security_Alarm_SM.uasset" 2606
"E:/Projects/Clowns/Content/HorrorEngine/Meshes/Security_Alarm_SM.uexp" 2607
"E:/Projects/Clowns/Content/HorrorEngine/Audio/Elecronics/S_Alarm.uasset" 2608
"E:/Projects/Clowns/Content/HorrorEngine/Audio/Elecronics/S_Alarm.uexp" 2609
"E:/Projects/Clowns/Content/HorrorEngine/Audio/Elecronics/S_Alarm_Cue.uasset" 2610
"E:/Projects/Clowns/Content/HorrorEngine/Audio/Elecronics/S_Alarm_Cue.uexp" 2611
"E:/Projects/Clowns/Content/HorrorEngine/Blueprints/Assets/Interactables/Security_Alarm.uasset" 2612
"E:/Projects/Clowns/Content/HorrorEngine/Blueprints/Assets/Interactables/Security_Alarm.uexp" 2613
"E:/Projects/Clowns/Content/HorrorEngine/Textures/T_Security_Button_2_D.ubulk" 2614
"E:/Projects/Clowns/Content/HorrorEngine/Textures/T_Security_Button_2_D.uasset" 2615
"E:/Projects/Clowns/Content/HorrorEngine/Textures/T_Security_Button_2_D.uexp" 2616
"E:/Projects/Clowns/Content/HorrorEngine/Textures/T_Security_Button_4_D.ubulk" 2617
"E:/Projects/Clowns/Content/HorrorEngine/Textures/T_Security_Button_4_D.uasset" 2618
"E:/Projects/Clowns/Content/HorrorEngine/Textures/T_Security_Button_4_D.uexp" 2619
"E:/Projects/Clowns/Content/HorrorEngine/Textures/T_Security_Button_0_D.ubulk" 2620
"E:/Projects/Clowns/Content/HorrorEngine/Textures/T_Security_Button_0_D.uasset" 2621
"E:/Projects/Clowns/Content/HorrorEngine/Textures/T_Security_Button_0_D.uexp" 2622
"E:/Projects/Clowns/Content/HorrorEngine/Textures/T_Security_Button_8_D.ubulk" 2623
"E:/Projects/Clowns/Content/HorrorEngine/Textures/T_Security_Button_8_D.uasset" 2624
"E:/Projects/Clowns/Content/HorrorEngine/Textures/T_Security_Button_8_D.uexp" 2625
"E:/Projects/Clowns/Content/HorrorEngine/Textures/T_Security_Button_Enter_D.ubulk" 2626
"E:/Projects/Clowns/Content/HorrorEngine/Textures/T_Security_Button_Enter_D.uasset" 2627
"E:/Projects/Clowns/Content/HorrorEngine/Textures/T_Security_Button_Enter_D.uexp" 2628
"E:/Projects/Clowns/Content/HorrorEngine/Textures/T_Digit_4_D.uasset" 2629
"E:/Projects/Clowns/Content/HorrorEngine/Textures/T_Digit_4_D.uexp" 2630
"E:/Projects/Clowns/Content/HorrorEngine/Audio/Elecronics/S_LockPanelButton.uasset" 2631
"E:/Projects/Clowns/Content/HorrorEngine/Audio/Elecronics/S_LockPanelButton.uexp" 2632
"E:/Projects/Clowns/Content/HorrorEngine/Textures/T_Security_Button_6_D.ubulk" 2633
"E:/Projects/Clowns/Content/HorrorEngine/Textures/T_Security_Button_6_D.uasset" 2634
"E:/Projects/Clowns/Content/HorrorEngine/Textures/T_Security_Button_6_D.uexp" 2635
"E:/Projects/Clowns/Content/HorrorEngine/Textures/T_Digit_2_D.uasset" 2636
"E:/Projects/Clowns/Content/HorrorEngine/Textures/T_Digit_2_D.uexp" 2637
"E:/Projects/Clowns/Content/HorrorEngine/Blueprints/Assets/Interactables/Security_Control_Pin.uasset" 2638
"E:/Projects/Clowns/Content/HorrorEngine/Blueprints/Assets/Interactables/Security_Control_Pin.uexp" 2639
"E:/Projects/Clowns/Content/HorrorEngine/Meshes/Security_Cam_SM.ubulk" 2640
"E:/Projects/Clowns/Content/HorrorEngine/Meshes/Security_Cam_SM.uasset" 2641
"E:/Projects/Clowns/Content/HorrorEngine/Meshes/Security_Cam_SM.uexp" 2642
"E:/Projects/Clowns/Content/HorrorEngine/Blueprints/Assets/Interactables/Security_Cam.uasset" 2643
"E:/Projects/Clowns/Content/HorrorEngine/Blueprints/Assets/Interactables/Security_Cam.uexp" 2644
"E:/Projects/Clowns/Content/HorrorEngine/Blueprints/Assets/Interactables/Security_Monitor.uasset" 2645
"E:/Projects/Clowns/Content/HorrorEngine/Blueprints/Assets/Interactables/Security_Monitor.uexp" 2646
"E:/Projects/Clowns/Content/HorrorEngine/Textures/T_Radio_D.ubulk" 2647
"E:/Projects/Clowns/Content/HorrorEngine/Textures/T_Radio_D.uasset" 2648
"E:/Projects/Clowns/Content/HorrorEngine/Textures/T_Radio_D.uexp" 2649
"E:/Projects/Clowns/Content/HorrorEngine/Materials/MaterialInstances/MI_Radio.uasset" 2650
"E:/Projects/Clowns/Content/HorrorEngine/Materials/MaterialInstances/MI_Radio.uexp" 2651
"E:/Projects/Clowns/Content/HorrorEngine/Audio/Interactions/S_Metal_Friction.uasset" 2652
"E:/Projects/Clowns/Content/HorrorEngine/Audio/Interactions/S_Metal_Friction.uexp" 2653
"E:/Projects/Clowns/Content/HorrorEngine/Audio/Interactions/S_Metal_Friction_Cue.uasset" 2654
"E:/Projects/Clowns/Content/HorrorEngine/Audio/Interactions/S_Metal_Friction_Cue.uexp" 2655
"E:/Projects/Clowns/Content/HorrorEngine/Audio/Interactions/S_Metal_Creak.uasset" 2656
"E:/Projects/Clowns/Content/HorrorEngine/Audio/Interactions/S_Metal_Creak.uexp" 2657
"E:/Projects/Clowns/Content/HorrorEngine/Audio/Interactions/S_Metal_Creak_Cue.uasset" 2658
"E:/Projects/Clowns/Content/HorrorEngine/Audio/Interactions/S_Metal_Creak_Cue.uexp" 2659
"E:/Projects/Clowns/Content/HorrorEngine/Meshes/Torch_Wall_SM.ubulk" 2660
"E:/Projects/Clowns/Content/HorrorEngine/Meshes/Torch_Wall_SM.uasset" 2661
"E:/Projects/Clowns/Content/HorrorEngine/Meshes/Torch_Wall_SM.uexp" 2662
"E:/Projects/Clowns/Content/HorrorEngine/Blueprints/Assets/Interactables/Controller_SecretTorch.uasset" 2663
"E:/Projects/Clowns/Content/HorrorEngine/Blueprints/Assets/Interactables/Controller_SecretTorch.uexp" 2664
"E:/Projects/Clowns/Content/HorrorEngine/Audio/Voices/S_Dialogue_06.uasset" 2665
"E:/Projects/Clowns/Content/HorrorEngine/Audio/Voices/S_Dialogue_06.uexp" 2666
"E:/Projects/Clowns/Content/HorrorEngine/Audio/Voices/S_Dialogue_06_Cue.uasset" 2667
"E:/Projects/Clowns/Content/HorrorEngine/Audio/Voices/S_Dialogue_06_Cue.uexp" 2668
"E:/Projects/Clowns/Content/HorrorEngine/Audio/Voices/S_Dialogue_17.uasset" 2669
"E:/Projects/Clowns/Content/HorrorEngine/Audio/Voices/S_Dialogue_17.uexp" 2670
"E:/Projects/Clowns/Content/HorrorEngine/Audio/Voices/S_Dialogue_17_Cue.uasset" 2671
"E:/Projects/Clowns/Content/HorrorEngine/Audio/Voices/S_Dialogue_17_Cue.uexp" 2672
"E:/Projects/Clowns/Content/HorrorEngine/Textures/T_Ball_D.ubulk" 2673
"E:/Projects/Clowns/Content/HorrorEngine/Textures/T_Ball_D.uasset" 2674
"E:/Projects/Clowns/Content/HorrorEngine/Textures/T_Ball_D.uexp" 2675
"E:/Projects/Clowns/Content/HorrorEngine/Materials/MaterialInstances/MI_Ball.uasset" 2676
"E:/Projects/Clowns/Content/HorrorEngine/Materials/MaterialInstances/MI_Ball.uexp" 2677
"E:/Projects/Clowns/Content/HorrorEngine/Meshes/Ball_SM.ubulk" 2678
"E:/Projects/Clowns/Content/HorrorEngine/Meshes/Ball_SM.uasset" 2679
"E:/Projects/Clowns/Content/HorrorEngine/Meshes/Ball_SM.uexp" 2680
"E:/Projects/Clowns/Content/HorrorEngine/Blueprints/Assets/Interactables/Physics_Ball.uasset" 2681
"E:/Projects/Clowns/Content/HorrorEngine/Blueprints/Assets/Interactables/Physics_Ball.uexp" 2682
"E:/Projects/Clowns/Content/HorrorEngine/Textures/T_Pentagram_D.uasset" 2683
"E:/Projects/Clowns/Content/HorrorEngine/Textures/T_Pentagram_D.uexp" 2684
"E:/Projects/Clowns/Content/HorrorEngine/Materials/M_Satan.uasset" 2685
"E:/Projects/Clowns/Content/HorrorEngine/Materials/M_Satan.uexp" 2686
"E:/Projects/Clowns/Content/HorrorEngine/Textures/T_VHS_29Dec1985_D.uasset" 2687
"E:/Projects/Clowns/Content/HorrorEngine/Textures/T_VHS_29Dec1985_D.uexp" 2688
"E:/Projects/Clowns/Content/HorrorEngine/Audio/_SoundSettings/ATT_Portal_Close.uasset" 2689
"E:/Projects/Clowns/Content/HorrorEngine/Audio/_SoundSettings/ATT_Portal_Close.uexp" 2690
"E:/Projects/Clowns/Content/HorrorEngine/Audio/Effects/S_Portal_Close.uasset" 2691
"E:/Projects/Clowns/Content/HorrorEngine/Audio/Effects/S_Portal_Close.uexp" 2692
"E:/Projects/Clowns/Content/HorrorEngine/Audio/Effects/S_Portal_Close_Cue.uasset" 2693
"E:/Projects/Clowns/Content/HorrorEngine/Audio/Effects/S_Portal_Close_Cue.uexp" 2694
"E:/Projects/Clowns/Content/HorrorEngine/Audio/Effects/S_Portal_Teleport.uasset" 2695
"E:/Projects/Clowns/Content/HorrorEngine/Audio/Effects/S_Portal_Teleport.uexp" 2696
"E:/Projects/Clowns/Content/HorrorEngine/Audio/Effects/S_Portal_Teleport_Cue.uasset" 2697
"E:/Projects/Clowns/Content/HorrorEngine/Audio/Effects/S_Portal_Teleport_Cue.uexp" 2698
"E:/Projects/Clowns/Content/HorrorEngine/Audio/Effects/S_Portal_Far.uasset" 2699
"E:/Projects/Clowns/Content/HorrorEngine/Audio/Effects/S_Portal_Far.uexp" 2700
"E:/Projects/Clowns/Content/HorrorEngine/Audio/Effects/S_Portal_Far_Cue.uasset" 2701
"E:/Projects/Clowns/Content/HorrorEngine/Audio/Effects/S_Portal_Far_Cue.uexp" 2702
"E:/Projects/Clowns/Content/HorrorEngine/Particles/Textures/T_Teleport_D.ubulk" 2703
"E:/Projects/Clowns/Content/HorrorEngine/Particles/Textures/T_Teleport_D.uasset" 2704
"E:/Projects/Clowns/Content/HorrorEngine/Particles/Textures/T_Teleport_D.uexp" 2705
"E:/Projects/Clowns/Content/HorrorEngine/Particles/Materials/M_Teleport.uasset" 2706
"E:/Projects/Clowns/Content/HorrorEngine/Particles/Materials/M_Teleport.uexp" 2707
"E:/Projects/Clowns/Content/HorrorEngine/Particles/P_Teleport.uasset" 2708
"E:/Projects/Clowns/Content/HorrorEngine/Particles/P_Teleport.uexp" 2709
"E:/Projects/Clowns/Content/HorrorEngine/Audio/_SoundSettings/ATT_Teleport.uasset" 2710
"E:/Projects/Clowns/Content/HorrorEngine/Audio/_SoundSettings/ATT_Teleport.uexp" 2711
"E:/Projects/Clowns/Content/HorrorEngine/Materials/M_Portal.uasset" 2712
"E:/Projects/Clowns/Content/HorrorEngine/Materials/M_Portal.uexp" 2713
"E:/Projects/Clowns/Content/HorrorEngine/Meshes/Portal_SM.ubulk" 2714
"E:/Projects/Clowns/Content/HorrorEngine/Meshes/Portal_SM.uasset" 2715
"E:/Projects/Clowns/Content/HorrorEngine/Meshes/Portal_SM.uexp" 2716
"E:/Projects/Clowns/Content/HorrorEngine/Blueprints/Assets/Interactables/Portal.uasset" 2717
"E:/Projects/Clowns/Content/HorrorEngine/Blueprints/Assets/Interactables/Portal.uexp" 2718
"E:/Projects/Clowns/Content/HorrorEngine/Audio/Voices/S_Dialogue_08.uasset" 2719
"E:/Projects/Clowns/Content/HorrorEngine/Audio/Voices/S_Dialogue_08.uexp" 2720
"E:/Projects/Clowns/Content/HorrorEngine/Audio/Voices/S_Dialogue_08_Cue.uasset" 2721
"E:/Projects/Clowns/Content/HorrorEngine/Audio/Voices/S_Dialogue_08_Cue.uexp" 2722
"E:/Projects/Clowns/Content/HorrorEngine/Textures/T_Photo_Sample06_D.uasset" 2723
"E:/Projects/Clowns/Content/HorrorEngine/Textures/T_Photo_Sample06_D.uexp" 2724
"E:/Projects/Clowns/Content/HorrorEngine/Audio/Voices/S_Dialogue_25.uasset" 2725
"E:/Projects/Clowns/Content/HorrorEngine/Audio/Voices/S_Dialogue_25.uexp" 2726
"E:/Projects/Clowns/Content/HorrorEngine/Audio/Voices/S_Dialogue_25_Cue.uasset" 2727
"E:/Projects/Clowns/Content/HorrorEngine/Audio/Voices/S_Dialogue_25_Cue.uexp" 2728
"E:/Projects/Clowns/Content/HorrorEngine/Textures/T_Candle_M.ubulk" 2729
"E:/Projects/Clowns/Content/HorrorEngine/Textures/T_Candle_M.uasset" 2730
"E:/Projects/Clowns/Content/HorrorEngine/Textures/T_Candle_M.uexp" 2731
"E:/Projects/Clowns/Content/HorrorEngine/Materials/M_Candle.uasset" 2732
"E:/Projects/Clowns/Content/HorrorEngine/Materials/M_Candle.uexp" 2733
"E:/Projects/Clowns/Content/HorrorEngine/Materials/MaterialInstances/MI_Color_Blue_Lit.uasset" 2734
"E:/Projects/Clowns/Content/HorrorEngine/Materials/MaterialInstances/MI_Color_Blue_Lit.uexp" 2735
"E:/Projects/Clowns/Content/HorrorEngine/Meshes/SaveGame_SM.ubulk" 2736
"E:/Projects/Clowns/Content/HorrorEngine/Meshes/SaveGame_SM.uasset" 2737
"E:/Projects/Clowns/Content/HorrorEngine/Meshes/SaveGame_SM.uexp" 2738
"E:/Projects/Clowns/Content/HorrorEngine/Materials/MaterialInstances/MI_Color_Red_Lit.uasset" 2739
"E:/Projects/Clowns/Content/HorrorEngine/Materials/MaterialInstances/MI_Color_Red_Lit.uexp" 2740
"E:/Projects/Clowns/Content/HorrorEngine/Blueprints/Assets/Interactables/SaveGameActor.uasset" 2741
"E:/Projects/Clowns/Content/HorrorEngine/Blueprints/Assets/Interactables/SaveGameActor.uexp" 2742
"E:/Projects/Clowns/Content/HorrorEngine/Audio/Voices/S_Dialogue_13.uasset" 2743
"E:/Projects/Clowns/Content/HorrorEngine/Audio/Voices/S_Dialogue_13.uexp" 2744
"E:/Projects/Clowns/Content/HorrorEngine/Audio/Voices/S_Dialogue_13_Cue.uasset" 2745
"E:/Projects/Clowns/Content/HorrorEngine/Audio/Voices/S_Dialogue_13_Cue.uexp" 2746
"E:/Projects/Clowns/Content/HorrorEngine/Materials/M_Figure.uasset" 2747
"E:/Projects/Clowns/Content/HorrorEngine/Materials/M_Figure.uexp" 2748
"E:/Projects/Clowns/Content/HorrorEngine/Audio/Effects/S_Baby_02.uasset" 2749
"E:/Projects/Clowns/Content/HorrorEngine/Audio/Effects/S_Baby_02.uexp" 2750
"E:/Projects/Clowns/Content/HorrorEngine/Audio/Effects/S_Baby_02_Cue.uasset" 2751
"E:/Projects/Clowns/Content/HorrorEngine/Audio/Effects/S_Baby_02_Cue.uexp" 2752
"E:/Projects/Clowns/Content/HorrorEngine/Audio/Voices/S_Dialogue_04.uasset" 2753
"E:/Projects/Clowns/Content/HorrorEngine/Audio/Voices/S_Dialogue_04.uexp" 2754
"E:/Projects/Clowns/Content/HorrorEngine/Audio/Voices/S_Dialogue_04_Cue.uasset" 2755
"E:/Projects/Clowns/Content/HorrorEngine/Audio/Voices/S_Dialogue_04_Cue.uexp" 2756
"E:/Projects/Clowns/Content/HorrorEngine/Textures/T_Painting_07_D.uasset" 2757
"E:/Projects/Clowns/Content/HorrorEngine/Textures/T_Painting_07_D.uexp" 2758
"E:/Projects/Clowns/Content/HorrorEngine/Materials/M_Master_Painting.uasset" 2759
"E:/Projects/Clowns/Content/HorrorEngine/Materials/M_Master_Painting.uexp" 2760
"E:/Projects/Clowns/Content/HorrorEngine/Textures/T_Painting_07_N.uasset" 2761
"E:/Projects/Clowns/Content/HorrorEngine/Textures/T_Painting_07_N.uexp" 2762
"E:/Projects/Clowns/Content/HorrorEngine/Materials/MaterialInstances/MI_Painting_07.uasset" 2763
"E:/Projects/Clowns/Content/HorrorEngine/Materials/MaterialInstances/MI_Painting_07.uexp" 2764
"E:/Projects/Clowns/Content/HorrorEngine/Textures/T_Painting_10_N.uasset" 2765
"E:/Projects/Clowns/Content/HorrorEngine/Textures/T_Painting_10_N.uexp" 2766
"E:/Projects/Clowns/Content/HorrorEngine/Textures/T_Painting_10_D.uasset" 2767
"E:/Projects/Clowns/Content/HorrorEngine/Textures/T_Painting_10_D.uexp" 2768
"E:/Projects/Clowns/Content/HorrorEngine/Materials/MaterialInstances/MI_Painting_10.uasset" 2769
"E:/Projects/Clowns/Content/HorrorEngine/Materials/MaterialInstances/MI_Painting_10.uexp" 2770
"E:/Projects/Clowns/Content/HorrorEngine/Textures/T_Painting_11_N.uasset" 2771
"E:/Projects/Clowns/Content/HorrorEngine/Textures/T_Painting_11_N.uexp" 2772
"E:/Projects/Clowns/Content/HorrorEngine/Textures/T_Painting_11_D.uasset" 2773
"E:/Projects/Clowns/Content/HorrorEngine/Textures/T_Painting_11_D.uexp" 2774
"E:/Projects/Clowns/Content/HorrorEngine/Materials/MaterialInstances/MI_Painting_11.uasset" 2775
"E:/Projects/Clowns/Content/HorrorEngine/Materials/MaterialInstances/MI_Painting_11.uexp" 2776
"E:/Projects/Clowns/Content/HorrorEngine/Textures/T_Painting_13_D.uasset" 2777
"E:/Projects/Clowns/Content/HorrorEngine/Textures/T_Painting_13_D.uexp" 2778
"E:/Projects/Clowns/Content/HorrorEngine/Textures/T_Painting_13_N.uasset" 2779
"E:/Projects/Clowns/Content/HorrorEngine/Textures/T_Painting_13_N.uexp" 2780
"E:/Projects/Clowns/Content/HorrorEngine/Materials/MaterialInstances/MI_Painting_13.uasset" 2781
"E:/Projects/Clowns/Content/HorrorEngine/Materials/MaterialInstances/MI_Painting_13.uexp" 2782
"E:/Projects/Clowns/Content/HorrorEngine/Audio/Voices/S_Dialogue_24.uasset" 2783
"E:/Projects/Clowns/Content/HorrorEngine/Audio/Voices/S_Dialogue_24.uexp" 2784
"E:/Projects/Clowns/Content/HorrorEngine/Audio/Voices/S_Dialogue_24_Cue.uasset" 2785
"E:/Projects/Clowns/Content/HorrorEngine/Audio/Voices/S_Dialogue_24_Cue.uexp" 2786
"E:/Projects/Clowns/Content/HorrorEngine/Audio/Voices/S_Dialogue_02.uasset" 2787
"E:/Projects/Clowns/Content/HorrorEngine/Audio/Voices/S_Dialogue_02.uexp" 2788
"E:/Projects/Clowns/Content/HorrorEngine/Audio/Voices/S_Dialogue_02_Cue.uasset" 2789
"E:/Projects/Clowns/Content/HorrorEngine/Audio/Voices/S_Dialogue_02_Cue.uexp" 2790
"E:/Projects/Clowns/Content/HorrorEngine/Textures/T_Radio_M.ubulk" 2791
"E:/Projects/Clowns/Content/HorrorEngine/Textures/T_Radio_M.uasset" 2792
"E:/Projects/Clowns/Content/HorrorEngine/Textures/T_Radio_M.uexp" 2793
"E:/Projects/Clowns/Content/HorrorEngine/Audio/Elecronics/S_Radio_02.uasset" 2794
"E:/Projects/Clowns/Content/HorrorEngine/Audio/Elecronics/S_Radio_02.uexp" 2795
"E:/Projects/Clowns/Content/HorrorEngine/Audio/Elecronics/S_Radio_03.uasset" 2796
"E:/Projects/Clowns/Content/HorrorEngine/Audio/Elecronics/S_Radio_03.uexp" 2797
"E:/Projects/Clowns/Content/HorrorEngine/Audio/Elecronics/S_Radio_01.uasset" 2798
"E:/Projects/Clowns/Content/HorrorEngine/Audio/Elecronics/S_Radio_01.uexp" 2799
"E:/Projects/Clowns/Content/HorrorEngine/Audio/Elecronics/S_Radio_04.uasset" 2800
"E:/Projects/Clowns/Content/HorrorEngine/Audio/Elecronics/S_Radio_04.uexp" 2801
"E:/Projects/Clowns/Content/HorrorEngine/Audio/Elecronics/S_Radio_Cue.uasset" 2802
"E:/Projects/Clowns/Content/HorrorEngine/Audio/Elecronics/S_Radio_Cue.uexp" 2803
"E:/Projects/Clowns/Content/HorrorEngine/Meshes/Radio_SM.ubulk" 2804
"E:/Projects/Clowns/Content/HorrorEngine/Meshes/Radio_SM.uasset" 2805
"E:/Projects/Clowns/Content/HorrorEngine/Meshes/Radio_SM.uexp" 2806
"E:/Projects/Clowns/Content/HorrorEngine/Blueprints/Assets/Interactables/Radio.uasset" 2807
"E:/Projects/Clowns/Content/HorrorEngine/Blueprints/Assets/Interactables/Radio.uexp" 2808
"E:/Projects/Clowns/Content/HorrorEngine/Textures/T_Hexagon_M.ubulk" 2809
"E:/Projects/Clowns/Content/HorrorEngine/Textures/T_Hexagon_M.uasset" 2810
"E:/Projects/Clowns/Content/HorrorEngine/Textures/T_Hexagon_M.uexp" 2811
"E:/Projects/Clowns/Content/HorrorEngine/Materials/M_Hexagon.uasset" 2812
"E:/Projects/Clowns/Content/HorrorEngine/Materials/M_Hexagon.uexp" 2813
"E:/Projects/Clowns/Content/HorrorEngine/Textures/HUD/Icon_Hand.uasset" 2814
"E:/Projects/Clowns/Content/HorrorEngine/Textures/HUD/Icon_Hand.uexp" 2815
"E:/Projects/Clowns/Content/HorrorEngine/Blueprints/Assets/Triggers/Trigger_Put.uasset" 2816
"E:/Projects/Clowns/Content/HorrorEngine/Blueprints/Assets/Triggers/Trigger_Put.uexp" 2817
"E:/Projects/Clowns/Content/HorrorEngine/Audio/Ambient/S_Music_01.uasset" 2818
"E:/Projects/Clowns/Content/HorrorEngine/Audio/Ambient/S_Music_01.uexp" 2819
"E:/Projects/Clowns/Content/HorrorEngine/Audio/Ambient/S_Music_01_Cue.uasset" 2820
"E:/Projects/Clowns/Content/HorrorEngine/Audio/Ambient/S_Music_01_Cue.uexp" 2821
"../../../Engine/Content/EngineSky/C_Sky_Horizon_Color.uasset" 2822
"../../../Engine/Content/EngineSky/C_Sky_Horizon_Color.uexp" 2823
"../../../Engine/Content/EngineSky/T_Sky_Stars.ubulk" 2824
"../../../Engine/Content/EngineSky/T_Sky_Stars.uasset" 2825
"../../../Engine/Content/EngineSky/T_Sky_Stars.uexp" 2826
"../../../Engine/Content/EngineSky/T_Sky_Clouds_M.ubulk" 2827
"../../../Engine/Content/EngineSky/T_Sky_Clouds_M.uasset" 2828
"../../../Engine/Content/EngineSky/T_Sky_Clouds_M.uexp" 2829
"../../../Engine/Content/EngineSky/T_Sky_Blue.ubulk" 2830
"../../../Engine/Content/EngineSky/T_Sky_Blue.uasset" 2831
"../../../Engine/Content/EngineSky/T_Sky_Blue.uexp" 2832
"../../../Engine/Content/EngineSky/M_Sky_Panning_Clouds2.uasset" 2833
"../../../Engine/Content/EngineSky/M_Sky_Panning_Clouds2.uexp" 2834
"../../../Engine/Content/EngineSky/SM_SkySphere.ubulk" 2835
"../../../Engine/Content/EngineSky/SM_SkySphere.uasset" 2836
"../../../Engine/Content/EngineSky/SM_SkySphere.uexp" 2837
"../../../Engine/Content/EngineSky/C_Sky_Cloud_Color.uasset" 2838
"../../../Engine/Content/EngineSky/C_Sky_Cloud_Color.uexp" 2839
"../../../Engine/Content/EngineSky/C_Sky_Zenith_Color.uasset" 2840
"../../../Engine/Content/EngineSky/C_Sky_Zenith_Color.uexp" 2841
"../../../Engine/Content/EngineSky/BP_Sky_Sphere.uasset" 2842
"../../../Engine/Content/EngineSky/BP_Sky_Sphere.uexp" 2843
"E:/Projects/Clowns/Content/HorrorEngine/Textures/HUD/Icon_Puzzle.uasset" 2844
"E:/Projects/Clowns/Content/HorrorEngine/Textures/HUD/Icon_Puzzle.uexp" 2845
"E:/Projects/Clowns/Content/HorrorEngine/Blueprints/Assets/Triggers/PuzzleMaker.uasset" 2846
"E:/Projects/Clowns/Content/HorrorEngine/Blueprints/Assets/Triggers/PuzzleMaker.uexp" 2847
"E:/Projects/Clowns/Content/HorrorEngine/Materials/MaterialInstances/MI_Color_Red.uasset" 2848
"E:/Projects/Clowns/Content/HorrorEngine/Materials/MaterialInstances/MI_Color_Red.uexp" 2849
"E:/Projects/Clowns/Content/HorrorEngine/Meshes/Button_SM.ubulk" 2850
"E:/Projects/Clowns/Content/HorrorEngine/Meshes/Button_SM.uasset" 2851
"E:/Projects/Clowns/Content/HorrorEngine/Meshes/Button_SM.uexp" 2852
"E:/Projects/Clowns/Content/HorrorEngine/Meshes/Button_Base_SM.ubulk" 2853
"E:/Projects/Clowns/Content/HorrorEngine/Meshes/Button_Base_SM.uasset" 2854
"E:/Projects/Clowns/Content/HorrorEngine/Meshes/Button_Base_SM.uexp" 2855
"E:/Projects/Clowns/Content/HorrorEngine/Blueprints/Assets/Interactables/Controller_Button.uasset" 2856
"E:/Projects/Clowns/Content/HorrorEngine/Blueprints/Assets/Interactables/Controller_Button.uexp" 2857
"E:/Projects/Clowns/Content/HorrorEngine/Meshes/Arch_Window_High_SM.ubulk" 2858
"E:/Projects/Clowns/Content/HorrorEngine/Meshes/Arch_Window_High_SM.uasset" 2859
"E:/Projects/Clowns/Content/HorrorEngine/Meshes/Arch_Window_High_SM.uexp" 2860
"E:/Projects/Clowns/Content/HorrorEngine/Audio/Voices/S_Dialogue_27.uasset" 2861
"E:/Projects/Clowns/Content/HorrorEngine/Audio/Voices/S_Dialogue_27.uexp" 2862
"E:/Projects/Clowns/Content/HorrorEngine/Audio/Voices/S_Dialogue_27_Cue.uasset" 2863
"E:/Projects/Clowns/Content/HorrorEngine/Audio/Voices/S_Dialogue_27_Cue.uexp" 2864
"E:/Projects/Clowns/Content/HorrorEngine/Textures/HUD/Icon_PhotoTrigger.uasset" 2865
"E:/Projects/Clowns/Content/HorrorEngine/Textures/HUD/Icon_PhotoTrigger.uexp" 2866
"E:/Projects/Clowns/Content/HorrorEngine/Blueprints/Assets/Triggers/Trigger_TakePhoto.uasset" 2867
"E:/Projects/Clowns/Content/HorrorEngine/Blueprints/Assets/Triggers/Trigger_TakePhoto.uexp" 2868
"E:/Projects/Clowns/Content/HorrorEngine/Meshes/Arch_Door_SM.ubulk" 2869
"E:/Projects/Clowns/Content/HorrorEngine/Meshes/Arch_Door_SM.uasset" 2870
"E:/Projects/Clowns/Content/HorrorEngine/Meshes/Arch_Door_SM.uexp" 2871
"E:/Projects/Clowns/Content/HorrorEngine/Materials/MaterialInstances/MI_Color_Green_Lit.uasset" 2872
"E:/Projects/Clowns/Content/HorrorEngine/Materials/MaterialInstances/MI_Color_Green_Lit.uexp" 2873
"E:/Projects/Clowns/Content/HorrorEngine/Meshes/Lever_SM.ubulk" 2874
"E:/Projects/Clowns/Content/HorrorEngine/Meshes/Lever_SM.uasset" 2875
"E:/Projects/Clowns/Content/HorrorEngine/Meshes/Lever_SM.uexp" 2876
"E:/Projects/Clowns/Content/HorrorEngine/Meshes/Lever_Base_SM.ubulk" 2877
"E:/Projects/Clowns/Content/HorrorEngine/Meshes/Lever_Base_SM.uasset" 2878
"E:/Projects/Clowns/Content/HorrorEngine/Meshes/Lever_Base_SM.uexp" 2879
"E:/Projects/Clowns/Content/HorrorEngine/Blueprints/Assets/Interactables/Controller_Lever.uasset" 2880
"E:/Projects/Clowns/Content/HorrorEngine/Blueprints/Assets/Interactables/Controller_Lever.uexp" 2881
"E:/Projects/Clowns/Content/HorrorEngine/Audio/Interactions/S_AddOil.uasset" 2882
"E:/Projects/Clowns/Content/HorrorEngine/Audio/Interactions/S_AddOil.uexp" 2883
"E:/Projects/Clowns/Content/HorrorEngine/Audio/Interactions/S_AddOil_Cue.uasset" 2884
"E:/Projects/Clowns/Content/HorrorEngine/Audio/Interactions/S_AddOil_Cue.uexp" 2885
"E:/Projects/Clowns/Content/HorrorEngine/Blueprints/Assets/Interactables/Light_Torch.uasset" 2886
"E:/Projects/Clowns/Content/HorrorEngine/Blueprints/Assets/Interactables/Light_Torch.uexp" 2887
"E:/Projects/Clowns/Content/HorrorEngine/Materials/M_Light.uasset" 2888
"E:/Projects/Clowns/Content/HorrorEngine/Materials/M_Light.uexp" 2889
"E:/Projects/Clowns/Content/HorrorEngine/Meshes/Light_SM.ubulk" 2890
"E:/Projects/Clowns/Content/HorrorEngine/Meshes/Light_SM.uasset" 2891
"E:/Projects/Clowns/Content/HorrorEngine/Meshes/Light_SM.uexp" 2892
"E:/Projects/Clowns/Content/HorrorEngine/Meshes/Arch_Window_SM.ubulk" 2893
"E:/Projects/Clowns/Content/HorrorEngine/Meshes/Arch_Window_SM.uasset" 2894
"E:/Projects/Clowns/Content/HorrorEngine/Meshes/Arch_Window_SM.uexp" 2895
"E:/Projects/Clowns/Content/HorrorEngine/Textures/T_Painting_01_D.uasset" 2896
"E:/Projects/Clowns/Content/HorrorEngine/Textures/T_Painting_01_D.uexp" 2897
"E:/Projects/Clowns/Content/HorrorEngine/Textures/T_Painting_01_N.uasset" 2898
"E:/Projects/Clowns/Content/HorrorEngine/Textures/T_Painting_01_N.uexp" 2899
"E:/Projects/Clowns/Content/HorrorEngine/Materials/MaterialInstances/MI_Painting_01.uasset" 2900
"E:/Projects/Clowns/Content/HorrorEngine/Materials/MaterialInstances/MI_Painting_01.uexp" 2901
"E:/Projects/Clowns/Content/HorrorEngine/Textures/T_Wood_R.ubulk" 2902
"E:/Projects/Clowns/Content/HorrorEngine/Textures/T_Wood_R.uasset" 2903
"E:/Projects/Clowns/Content/HorrorEngine/Textures/T_Wood_R.uexp" 2904
"E:/Projects/Clowns/Content/HorrorEngine/Textures/T_Wood_Brown_N.ubulk" 2905
"E:/Projects/Clowns/Content/HorrorEngine/Textures/T_Wood_Brown_N.uasset" 2906
"E:/Projects/Clowns/Content/HorrorEngine/Textures/T_Wood_Brown_N.uexp" 2907
"E:/Projects/Clowns/Content/HorrorEngine/Materials/PhysicalMaterials/PM_Wood.uasset" 2908
"E:/Projects/Clowns/Content/HorrorEngine/Materials/PhysicalMaterials/PM_Wood.uexp" 2909
"E:/Projects/Clowns/Content/HorrorEngine/Textures/T_Brick_01_D.ubulk" 2910
"E:/Projects/Clowns/Content/HorrorEngine/Textures/T_Brick_01_D.uasset" 2911
"E:/Projects/Clowns/Content/HorrorEngine/Textures/T_Brick_01_D.uexp" 2912
"E:/Projects/Clowns/Content/HorrorEngine/Materials/PhysicalMaterials/PM_Rock.uasset" 2913
"E:/Projects/Clowns/Content/HorrorEngine/Materials/PhysicalMaterials/PM_Rock.uexp" 2914
"E:/Projects/Clowns/Content/HorrorEngine/Textures/T_Brick_01_N.ubulk" 2915
"E:/Projects/Clowns/Content/HorrorEngine/Textures/T_Brick_01_N.uasset" 2916
"E:/Projects/Clowns/Content/HorrorEngine/Textures/T_Brick_01_N.uexp" 2917
"E:/Projects/Clowns/Content/HorrorEngine/Textures/T_Brick_01_R.ubulk" 2918
"E:/Projects/Clowns/Content/HorrorEngine/Textures/T_Brick_01_R.uasset" 2919
"E:/Projects/Clowns/Content/HorrorEngine/Textures/T_Brick_01_R.uexp" 2920
"E:/Projects/Clowns/Content/HorrorEngine/Materials/M_Brick.uasset" 2921
"E:/Projects/Clowns/Content/HorrorEngine/Materials/M_Brick.uexp" 2922
"E:/Projects/Clowns/Content/HorrorEngine/Textures/T_Wood_Brown_D.ubulk" 2923
"E:/Projects/Clowns/Content/HorrorEngine/Textures/T_Wood_Brown_D.uasset" 2924
"E:/Projects/Clowns/Content/HorrorEngine/Textures/T_Wood_Brown_D.uexp" 2925
"E:/Projects/Clowns/Content/HorrorEngine/Materials/MaterialInstances/MI_Wood_Brown.uasset" 2926
"E:/Projects/Clowns/Content/HorrorEngine/Materials/MaterialInstances/MI_Wood_Brown.uexp" 2927
"E:/Projects/Clowns/Content/HorrorEngine/Meshes/Painting_SM.ubulk" 2928
"E:/Projects/Clowns/Content/HorrorEngine/Meshes/Painting_SM.uasset" 2929
"E:/Projects/Clowns/Content/HorrorEngine/Meshes/Painting_SM.uexp" 2930
"E:/Projects/Clowns/Content/HorrorEngine/Textures/T_Painting_02_D.uasset" 2931
"E:/Projects/Clowns/Content/HorrorEngine/Textures/T_Painting_02_D.uexp" 2932
"E:/Projects/Clowns/Content/HorrorEngine/Textures/T_Painting_02_N.uasset" 2933
"E:/Projects/Clowns/Content/HorrorEngine/Textures/T_Painting_02_N.uexp" 2934
"E:/Projects/Clowns/Content/HorrorEngine/Materials/MaterialInstances/MI_Painting_02.uasset" 2935
"E:/Projects/Clowns/Content/HorrorEngine/Materials/MaterialInstances/MI_Painting_02.uexp" 2936
"E:/Projects/Clowns/Content/HorrorEngine/Textures/T_Painting_03_N.uasset" 2937
"E:/Projects/Clowns/Content/HorrorEngine/Textures/T_Painting_03_N.uexp" 2938
"E:/Projects/Clowns/Content/HorrorEngine/Textures/T_Painting_03_D.uasset" 2939
"E:/Projects/Clowns/Content/HorrorEngine/Textures/T_Painting_03_D.uexp" 2940
"E:/Projects/Clowns/Content/HorrorEngine/Materials/MaterialInstances/MI_Painting_03.uasset" 2941
"E:/Projects/Clowns/Content/HorrorEngine/Materials/MaterialInstances/MI_Painting_03.uexp" 2942
"E:/Projects/Clowns/Content/HorrorEngine/Textures/HUD/Icon_Shoot.uasset" 2943
"E:/Projects/Clowns/Content/HorrorEngine/Textures/HUD/Icon_Shoot.uexp" 2944
"E:/Projects/Clowns/Content/HorrorEngine/Blueprints/Assets/Triggers/Trigger_Shoot.uasset" 2945
"E:/Projects/Clowns/Content/HorrorEngine/Blueprints/Assets/Triggers/Trigger_Shoot.uexp" 2946
"E:/Projects/Clowns/Content/HorrorEngine/Audio/Voices/S_Dialogue_10.uasset" 2947
"E:/Projects/Clowns/Content/HorrorEngine/Audio/Voices/S_Dialogue_10.uexp" 2948
"E:/Projects/Clowns/Content/HorrorEngine/Audio/Voices/S_Dialogue_10_Cue.uasset" 2949
"E:/Projects/Clowns/Content/HorrorEngine/Audio/Voices/S_Dialogue_10_Cue.uexp" 2950
"E:/Projects/Clowns/Content/HorrorEngine/Meshes/Drawer_Base_SM.ubulk" 2951
"E:/Projects/Clowns/Content/HorrorEngine/Meshes/Drawer_Base_SM.uasset" 2952
"E:/Projects/Clowns/Content/HorrorEngine/Meshes/Drawer_Base_SM.uexp" 2953
"E:/Projects/Clowns/Content/HorrorEngine/Audio/Ambient/S_Music_03.uasset" 2954
"E:/Projects/Clowns/Content/HorrorEngine/Audio/Ambient/S_Music_03.uexp" 2955
"E:/Projects/Clowns/Content/HorrorEngine/Audio/Ambient/S_Music_03_Cue.uasset" 2956
"E:/Projects/Clowns/Content/HorrorEngine/Audio/Ambient/S_Music_03_Cue.uexp" 2957
"E:/Projects/Clowns/Content/HorrorEngine/Audio/Voices/S_Dialogue_05.uasset" 2958
"E:/Projects/Clowns/Content/HorrorEngine/Audio/Voices/S_Dialogue_05.uexp" 2959
"E:/Projects/Clowns/Content/HorrorEngine/Audio/Voices/S_Dialogue_05_Cue.uasset" 2960
"E:/Projects/Clowns/Content/HorrorEngine/Audio/Voices/S_Dialogue_05_Cue.uexp" 2961
"E:/Projects/Clowns/Content/HorrorEngine/Audio/Voices/S_Dialogue_09.uasset" 2962
"E:/Projects/Clowns/Content/HorrorEngine/Audio/Voices/S_Dialogue_09.uexp" 2963
"E:/Projects/Clowns/Content/HorrorEngine/Audio/Voices/S_Dialogue_09_Cue.uasset" 2964
"E:/Projects/Clowns/Content/HorrorEngine/Audio/Voices/S_Dialogue_09_Cue.uexp" 2965
"E:/Projects/Clowns/Content/HorrorEngine/Audio/Voices/S_Dialogue_01.uasset" 2966
"E:/Projects/Clowns/Content/HorrorEngine/Audio/Voices/S_Dialogue_01.uexp" 2967
"E:/Projects/Clowns/Content/HorrorEngine/Audio/Voices/S_Dialogue_01_Cue.uasset" 2968
"E:/Projects/Clowns/Content/HorrorEngine/Audio/Voices/S_Dialogue_01_Cue.uexp" 2969
"E:/Projects/Clowns/Content/HorrorEngine/Textures/HUD/Icon_VHS_29Dec1985.uasset" 2970
"E:/Projects/Clowns/Content/HorrorEngine/Textures/HUD/Icon_VHS_29Dec1985.uexp" 2971
"E:/Projects/Clowns/Content/HorrorEngine/Maps/Demonstration_BuiltData.uasset" 2972
"E:/Projects/Clowns/Content/HorrorEngine/Maps/Demonstration_BuiltData.uexp" 2973
"E:/Projects/Clowns/Content/HorrorEngine/Audio/Interactions/S_Door_Bell.uasset" 2974
"E:/Projects/Clowns/Content/HorrorEngine/Audio/Interactions/S_Door_Bell.uexp" 2975
"E:/Projects/Clowns/Content/HorrorEngine/Audio/Interactions/S_Door_Bell_Cue.uasset" 2976
"E:/Projects/Clowns/Content/HorrorEngine/Audio/Interactions/S_Door_Bell_Cue.uexp" 2977
"E:/Projects/Clowns/Content/HorrorEngine/Blueprints/Assets/Interactables/Speaker.uasset" 2978
"E:/Projects/Clowns/Content/HorrorEngine/Blueprints/Assets/Interactables/Speaker.uexp" 2979
"E:/Projects/Clowns/Content/HorrorEngine/Meshes/Arch_Floor_SM.ubulk" 2980
"E:/Projects/Clowns/Content/HorrorEngine/Meshes/Arch_Floor_SM.uasset" 2981
"E:/Projects/Clowns/Content/HorrorEngine/Meshes/Arch_Floor_SM.uexp" 2982
"E:/Projects/Clowns/Content/HorrorEngine/Audio/Interactions/S_Candle_On_Cue.uasset" 2983
"E:/Projects/Clowns/Content/HorrorEngine/Audio/Interactions/S_Candle_On_Cue.uexp" 2984
"E:/Projects/Clowns/Content/HorrorEngine/Meshes/Candle_SM.ubulk" 2985
"E:/Projects/Clowns/Content/HorrorEngine/Meshes/Candle_SM.uasset" 2986
"E:/Projects/Clowns/Content/HorrorEngine/Meshes/Candle_SM.uexp" 2987
"E:/Projects/Clowns/Content/HorrorEngine/Audio/Interactions/S_Candle_Off_01.uasset" 2988
"E:/Projects/Clowns/Content/HorrorEngine/Audio/Interactions/S_Candle_Off_01.uexp" 2989
"E:/Projects/Clowns/Content/HorrorEngine/Audio/Interactions/S_Candle_Off_02.uasset" 2990
"E:/Projects/Clowns/Content/HorrorEngine/Audio/Interactions/S_Candle_Off_02.uexp" 2991
"E:/Projects/Clowns/Content/HorrorEngine/Audio/Interactions/S_Candle_Off_03.uasset" 2992
"E:/Projects/Clowns/Content/HorrorEngine/Audio/Interactions/S_Candle_Off_03.uexp" 2993
"E:/Projects/Clowns/Content/HorrorEngine/Audio/Interactions/S_Candle_Off_Cue.uasset" 2994
"E:/Projects/Clowns/Content/HorrorEngine/Audio/Interactions/S_Candle_Off_Cue.uexp" 2995
"E:/Projects/Clowns/Content/HorrorEngine/Meshes/Candle_Wick_SM.ubulk" 2996
"E:/Projects/Clowns/Content/HorrorEngine/Meshes/Candle_Wick_SM.uasset" 2997
"E:/Projects/Clowns/Content/HorrorEngine/Meshes/Candle_Wick_SM.uexp" 2998
"E:/Projects/Clowns/Content/HorrorEngine/Blueprints/Assets/Interactables/Light_Candle.uasset" 2999
"E:/Projects/Clowns/Content/HorrorEngine/Blueprints/Assets/Interactables/Light_Candle.uexp" 3000
"E:/Projects/Clowns/Content/HorrorEngine/Meshes/Arch_Platform_SM.ubulk" 3001
"E:/Projects/Clowns/Content/HorrorEngine/Meshes/Arch_Platform_SM.uasset" 3002
"E:/Projects/Clowns/Content/HorrorEngine/Meshes/Arch_Platform_SM.uexp" 3003
"E:/Projects/Clowns/Content/HorrorEngine/Audio/Voices/S_Dialogue_07.uasset" 3004
"E:/Projects/Clowns/Content/HorrorEngine/Audio/Voices/S_Dialogue_07.uexp" 3005
"E:/Projects/Clowns/Content/HorrorEngine/Audio/Voices/S_Dialogue_07_Cue.uasset" 3006
"E:/Projects/Clowns/Content/HorrorEngine/Audio/Voices/S_Dialogue_07_Cue.uexp" 3007
"E:/Projects/Clowns/Content/HorrorEngine/Audio/Voices/S_Dialogue_20.uasset" 3008
"E:/Projects/Clowns/Content/HorrorEngine/Audio/Voices/S_Dialogue_20.uexp" 3009
"E:/Projects/Clowns/Content/HorrorEngine/Audio/Voices/S_Dialogue_20_Cue.uasset" 3010
"E:/Projects/Clowns/Content/HorrorEngine/Audio/Voices/S_Dialogue_20_Cue.uexp" 3011
"E:/Projects/Clowns/Content/HorrorEngine/Meshes/Arch_House_SM.ubulk" 3012
"E:/Projects/Clowns/Content/HorrorEngine/Meshes/Arch_House_SM.uasset" 3013
"E:/Projects/Clowns/Content/HorrorEngine/Meshes/Arch_House_SM.uexp" 3014
"E:/Projects/Clowns/Content/HorrorEngine/Audio/Voices/S_Dialogue_21.uasset" 3015
"E:/Projects/Clowns/Content/HorrorEngine/Audio/Voices/S_Dialogue_21.uexp" 3016
"E:/Projects/Clowns/Content/HorrorEngine/Audio/Voices/S_Dialogue_21_Cue.uasset" 3017
"E:/Projects/Clowns/Content/HorrorEngine/Audio/Voices/S_Dialogue_21_Cue.uexp" 3018
"E:/Projects/Clowns/Content/HorrorEngine/Textures/T_Painting_05_D.uasset" 3019
"E:/Projects/Clowns/Content/HorrorEngine/Textures/T_Painting_05_D.uexp" 3020
"E:/Projects/Clowns/Content/HorrorEngine/Textures/T_Painting_05_N.uasset" 3021
"E:/Projects/Clowns/Content/HorrorEngine/Textures/T_Painting_05_N.uexp" 3022
"E:/Projects/Clowns/Content/HorrorEngine/Materials/MaterialInstances/MI_Painting_05.uasset" 3023
"E:/Projects/Clowns/Content/HorrorEngine/Materials/MaterialInstances/MI_Painting_05.uexp" 3024
"E:/Projects/Clowns/Content/HorrorEngine/Audio/Voices/S_Insane_01.uasset" 3025
"E:/Projects/Clowns/Content/HorrorEngine/Audio/Voices/S_Insane_01.uexp" 3026
"E:/Projects/Clowns/Content/HorrorEngine/Textures/T_Painting_09_D.uasset" 3027
"E:/Projects/Clowns/Content/HorrorEngine/Textures/T_Painting_09_D.uexp" 3028
"E:/Projects/Clowns/Content/HorrorEngine/Textures/T_Painting_09_N.uasset" 3029
"E:/Projects/Clowns/Content/HorrorEngine/Textures/T_Painting_09_N.uexp" 3030
"E:/Projects/Clowns/Content/HorrorEngine/Materials/MaterialInstances/MI_Painting_09.uasset" 3031
"E:/Projects/Clowns/Content/HorrorEngine/Materials/MaterialInstances/MI_Painting_09.uexp" 3032
"E:/Projects/Clowns/Content/HorrorEngine/Blueprints/Assets/Interactables/Physics_Candle.uasset" 3033
"E:/Projects/Clowns/Content/HorrorEngine/Blueprints/Assets/Interactables/Physics_Candle.uexp" 3034
"E:/Projects/Clowns/Content/HorrorEngine/Audio/Voices/S_Dialogue_22.uasset" 3035
"E:/Projects/Clowns/Content/HorrorEngine/Audio/Voices/S_Dialogue_22.uexp" 3036
"E:/Projects/Clowns/Content/HorrorEngine/Audio/Voices/S_Dialogue_22_Cue.uasset" 3037
"E:/Projects/Clowns/Content/HorrorEngine/Audio/Voices/S_Dialogue_22_Cue.uexp" 3038
"E:/Projects/Clowns/Content/HorrorEngine/Audio/Voices/S_Dialogue_23.uasset" 3039
"E:/Projects/Clowns/Content/HorrorEngine/Audio/Voices/S_Dialogue_23.uexp" 3040
"E:/Projects/Clowns/Content/HorrorEngine/Audio/Voices/S_Dialogue_23_Cue.uasset" 3041
"E:/Projects/Clowns/Content/HorrorEngine/Audio/Voices/S_Dialogue_23_Cue.uexp" 3042
"E:/Projects/Clowns/Content/HorrorEngine/Blueprints/Assets/Interactables/Controller_SecretPainting.uasset" 3043
"E:/Projects/Clowns/Content/HorrorEngine/Blueprints/Assets/Interactables/Controller_SecretPainting.uexp" 3044
"E:/Projects/Clowns/Content/HorrorEngine/Audio/Voices/S_Dialogue_26.uasset" 3045
"E:/Projects/Clowns/Content/HorrorEngine/Audio/Voices/S_Dialogue_26.uexp" 3046
"E:/Projects/Clowns/Content/HorrorEngine/Audio/Voices/S_Dialogue_26_Cue.uasset" 3047
"E:/Projects/Clowns/Content/HorrorEngine/Audio/Voices/S_Dialogue_26_Cue.uexp" 3048
"E:/Projects/Clowns/Content/HorrorEngine/Audio/Voices/S_Dialogue_12.uasset" 3049
"E:/Projects/Clowns/Content/HorrorEngine/Audio/Voices/S_Dialogue_12.uexp" 3050
"E:/Projects/Clowns/Content/HorrorEngine/Audio/Voices/S_Dialogue_12_Cue.uasset" 3051
"E:/Projects/Clowns/Content/HorrorEngine/Audio/Voices/S_Dialogue_12_Cue.uexp" 3052
"E:/Projects/Clowns/Content/HorrorEngine/Meshes/Arch_Cube_Chamfer_SM.ubulk" 3053
"E:/Projects/Clowns/Content/HorrorEngine/Meshes/Arch_Cube_Chamfer_SM.uasset" 3054
"E:/Projects/Clowns/Content/HorrorEngine/Meshes/Arch_Cube_Chamfer_SM.uexp" 3055
"E:/Projects/Clowns/Content/HorrorEngine/Audio/Voices/S_Dialogue_19.uasset" 3056
"E:/Projects/Clowns/Content/HorrorEngine/Audio/Voices/S_Dialogue_19.uexp" 3057
"E:/Projects/Clowns/Content/HorrorEngine/Audio/Voices/S_Dialogue_19_Cue.uasset" 3058
"E:/Projects/Clowns/Content/HorrorEngine/Audio/Voices/S_Dialogue_19_Cue.uexp" 3059
"E:/Projects/Clowns/Content/HorrorEngine/Audio/Elecronics/S_Static_01.uasset" 3060
"E:/Projects/Clowns/Content/HorrorEngine/Audio/Elecronics/S_Static_01.uexp" 3061
"E:/Projects/Clowns/Content/HorrorEngine/Audio/Elecronics/S_Static_01_Cue.uasset" 3062
"E:/Projects/Clowns/Content/HorrorEngine/Audio/Elecronics/S_Static_01_Cue.uexp" 3063
"E:/Projects/Clowns/Content/HorrorEngine/Audio/Elecronics/S_Static_02.uasset" 3064
"E:/Projects/Clowns/Content/HorrorEngine/Audio/Elecronics/S_Static_02.uexp" 3065
"E:/Projects/Clowns/Content/HorrorEngine/Audio/Elecronics/S_Static_02_Cue.uasset" 3066
"E:/Projects/Clowns/Content/HorrorEngine/Audio/Elecronics/S_Static_02_Cue.uexp" 3067
"E:/Projects/Clowns/Content/HorrorEngine/Meshes/Light_Exploded_SM.ubulk" 3068
"E:/Projects/Clowns/Content/HorrorEngine/Meshes/Light_Exploded_SM.uasset" 3069
"E:/Projects/Clowns/Content/HorrorEngine/Meshes/Light_Exploded_SM.uexp" 3070
"E:/Projects/Clowns/Content/HorrorEngine/Audio/Effects/S_Bulb_Explosion.uasset" 3071
"E:/Projects/Clowns/Content/HorrorEngine/Audio/Effects/S_Bulb_Explosion.uexp" 3072
"E:/Projects/Clowns/Content/HorrorEngine/Audio/Effects/S_Bulb_Explosion_Cue.uasset" 3073
"E:/Projects/Clowns/Content/HorrorEngine/Audio/Effects/S_Bulb_Explosion_Cue.uexp" 3074
"../../../Engine/Content/Functions/Engine_MaterialFunctions01/Gradient/RadialGradient.uasset" 3075
"../../../Engine/Content/Functions/Engine_MaterialFunctions01/Gradient/RadialGradient.uexp" 3076
"E:/Projects/Clowns/Content/HorrorEngine/Particles/Materials/M_Explosion.uasset" 3077
"E:/Projects/Clowns/Content/HorrorEngine/Particles/Materials/M_Explosion.uexp" 3078
"E:/Projects/Clowns/Content/HorrorEngine/Particles/P_Explosion.uasset" 3079
"E:/Projects/Clowns/Content/HorrorEngine/Particles/P_Explosion.uexp" 3080
"E:/Projects/Clowns/Content/HorrorEngine/Blueprints/Assets/Interactables/Light_Point.uasset" 3081
"E:/Projects/Clowns/Content/HorrorEngine/Blueprints/Assets/Interactables/Light_Point.uexp" 3082
"E:/Projects/Clowns/Content/HorrorEngine/Textures/T_Grid_D.ubulk" 3083
"E:/Projects/Clowns/Content/HorrorEngine/Textures/T_Grid_D.uasset" 3084
"E:/Projects/Clowns/Content/HorrorEngine/Textures/T_Grid_D.uexp" 3085
"E:/Projects/Clowns/Content/HorrorEngine/Materials/M_Grid.uasset" 3086
"E:/Projects/Clowns/Content/HorrorEngine/Materials/M_Grid.uexp" 3087
"E:/Projects/Clowns/Content/HorrorEngine/Materials/MaterialInstances/MI_Color_Metal_02.uasset" 3088
"E:/Projects/Clowns/Content/HorrorEngine/Materials/MaterialInstances/MI_Color_Metal_02.uexp" 3089
"E:/Projects/Clowns/Content/HorrorEngine/Materials/MaterialInstances/MI_Color_Gold_02.uasset" 3090
"E:/Projects/Clowns/Content/HorrorEngine/Materials/MaterialInstances/MI_Color_Gold_02.uexp" 3091
"E:/Projects/Clowns/Content/HorrorEngine/Meshes/Pistol_Ammo_SM.ubulk" 3092
"E:/Projects/Clowns/Content/HorrorEngine/Meshes/Pistol_Ammo_SM.uasset" 3093
"E:/Projects/Clowns/Content/HorrorEngine/Meshes/Pistol_Ammo_SM.uexp" 3094
"E:/Projects/Clowns/Content/HorrorEngine/Blueprints/Assets/Inventory/PistolBullets.uasset" 3095
"E:/Projects/Clowns/Content/HorrorEngine/Blueprints/Assets/Inventory/PistolBullets.uexp" 3096
"E:/Projects/Clowns/Content/HorrorEngine/Materials/MaterialInstances/MI_Color_Purple_Lit.uasset" 3097
"E:/Projects/Clowns/Content/HorrorEngine/Materials/MaterialInstances/MI_Color_Purple_Lit.uexp" 3098
"E:/Projects/Clowns/Content/HorrorEngine/Materials/PhysicalMaterials/PM_Dirt.uasset" 3099
"E:/Projects/Clowns/Content/HorrorEngine/Materials/PhysicalMaterials/PM_Dirt.uexp" 3100
"E:/Projects/Clowns/Content/HorrorEngine/Textures/T_Dirt_D.ubulk" 3101
"E:/Projects/Clowns/Content/HorrorEngine/Textures/T_Dirt_D.uasset" 3102
"E:/Projects/Clowns/Content/HorrorEngine/Textures/T_Dirt_D.uexp" 3103
"E:/Projects/Clowns/Content/HorrorEngine/Textures/T_Dirt_N.ubulk" 3104
"E:/Projects/Clowns/Content/HorrorEngine/Textures/T_Dirt_N.uasset" 3105
"E:/Projects/Clowns/Content/HorrorEngine/Textures/T_Dirt_N.uexp" 3106
"E:/Projects/Clowns/Content/HorrorEngine/Materials/MaterialInstances/MI_Dirt.uasset" 3107
"E:/Projects/Clowns/Content/HorrorEngine/Materials/MaterialInstances/MI_Dirt.uexp" 3108
"E:/Projects/Clowns/Content/HorrorEngine/Meshes/Figure_SM.ubulk" 3109
"E:/Projects/Clowns/Content/HorrorEngine/Meshes/Figure_SM.uasset" 3110
"E:/Projects/Clowns/Content/HorrorEngine/Meshes/Figure_SM.uexp" 3111
"E:/Projects/Clowns/Content/HorrorEngine/Audio/Effects/S_NoiseFigure_Death.uasset" 3112
"E:/Projects/Clowns/Content/HorrorEngine/Audio/Effects/S_NoiseFigure_Death.uexp" 3113
"E:/Projects/Clowns/Content/HorrorEngine/Audio/Effects/S_NoiseFigure_Death_Cue.uasset" 3114
"E:/Projects/Clowns/Content/HorrorEngine/Audio/Effects/S_NoiseFigure_Death_Cue.uexp" 3115
"E:/Projects/Clowns/Content/HorrorEngine/Audio/Effects/S_NoiseFigure_Explosion.uasset" 3116
"E:/Projects/Clowns/Content/HorrorEngine/Audio/Effects/S_NoiseFigure_Explosion.uexp" 3117
"E:/Projects/Clowns/Content/HorrorEngine/Audio/Effects/S_NoiseFigure_Explosion_Cue.uasset" 3118
"E:/Projects/Clowns/Content/HorrorEngine/Audio/Effects/S_NoiseFigure_Explosion_Cue.uexp" 3119
"E:/Projects/Clowns/Content/HorrorEngine/Blueprints/Assets/Interactables/FigureBP.uasset" 3120
"E:/Projects/Clowns/Content/HorrorEngine/Blueprints/Assets/Interactables/FigureBP.uexp" 3121
"E:/Projects/Clowns/Content/HorrorEngine/Audio/Voices/S_Dialogue_21v2.uasset" 3122
"E:/Projects/Clowns/Content/HorrorEngine/Audio/Voices/S_Dialogue_21v2.uexp" 3123
"E:/Projects/Clowns/Content/HorrorEngine/Audio/Voices/S_Dialogue_28.uasset" 3124
"E:/Projects/Clowns/Content/HorrorEngine/Audio/Voices/S_Dialogue_28.uexp" 3125
"E:/Projects/Clowns/Content/HorrorEngine/Audio/Voices/S_Dialogue_28_Cue.uasset" 3126
"E:/Projects/Clowns/Content/HorrorEngine/Audio/Voices/S_Dialogue_28_Cue.uexp" 3127
"E:/Projects/Clowns/Content/HorrorEngine/Textures/T_Wood_Gray_D.uasset" 3128
"E:/Projects/Clowns/Content/HorrorEngine/Textures/T_Wood_Gray_D.uexp" 3129
"E:/Projects/Clowns/Content/HorrorEngine/Materials/MaterialInstances/MI_Wood_Gray.uasset" 3130
"E:/Projects/Clowns/Content/HorrorEngine/Materials/MaterialInstances/MI_Wood_Gray.uexp" 3131
"E:/Projects/Clowns/Content/HorrorEngine/Audio/Ambient/S_Empty_Cue.uasset" 3132
"E:/Projects/Clowns/Content/HorrorEngine/Audio/Ambient/S_Empty_Cue.uexp" 3133
"E:/Projects/Clowns/Content/HorrorEngine/Textures/T_Photo_Candles_D.uasset" 3134
"E:/Projects/Clowns/Content/HorrorEngine/Textures/T_Photo_Candles_D.uexp" 3135
"E:/Projects/Clowns/Content/HorrorEngine/Textures/T_Brick_02_N.ubulk" 3136
"E:/Projects/Clowns/Content/HorrorEngine/Textures/T_Brick_02_N.uasset" 3137
"E:/Projects/Clowns/Content/HorrorEngine/Textures/T_Brick_02_N.uexp" 3138
"E:/Projects/Clowns/Content/HorrorEngine/Textures/T_Brick_02_R.ubulk" 3139
"E:/Projects/Clowns/Content/HorrorEngine/Textures/T_Brick_02_R.uasset" 3140
"E:/Projects/Clowns/Content/HorrorEngine/Textures/T_Brick_02_R.uexp" 3141
"E:/Projects/Clowns/Content/HorrorEngine/Textures/T_Brick_02_D.ubulk" 3142
"E:/Projects/Clowns/Content/HorrorEngine/Textures/T_Brick_02_D.uasset" 3143
"E:/Projects/Clowns/Content/HorrorEngine/Textures/T_Brick_02_D.uexp" 3144
"E:/Projects/Clowns/Content/HorrorEngine/Materials/MaterialInstances/MI_Brick.uasset" 3145
"E:/Projects/Clowns/Content/HorrorEngine/Materials/MaterialInstances/MI_Brick.uexp" 3146
"E:/Projects/Clowns/Content/HorrorEngine/Audio/Voices/S_Dialogue_21v2_Cue.uasset" 3147
"E:/Projects/Clowns/Content/HorrorEngine/Audio/Voices/S_Dialogue_21v2_Cue.uexp" 3148
"E:/Projects/Clowns/Content/HorrorEngine/Audio/Voices/S_Dialogue_11.uasset" 3149
"E:/Projects/Clowns/Content/HorrorEngine/Audio/Voices/S_Dialogue_11.uexp" 3150
"E:/Projects/Clowns/Content/HorrorEngine/Audio/Voices/S_Dialogue_11_Cue.uasset" 3151
"E:/Projects/Clowns/Content/HorrorEngine/Audio/Voices/S_Dialogue_11_Cue.uexp" 3152
"E:/Projects/Clowns/Content/HorrorEngine/Meshes/Arch_Wall_SM.ubulk" 3153
"E:/Projects/Clowns/Content/HorrorEngine/Meshes/Arch_Wall_SM.uasset" 3154
"E:/Projects/Clowns/Content/HorrorEngine/Meshes/Arch_Wall_SM.uexp" 3155
"E:/Projects/Clowns/Content/HorrorEngine/Meshes/Arch_Cube_SM.ubulk" 3156
"E:/Projects/Clowns/Content/HorrorEngine/Meshes/Arch_Cube_SM.uasset" 3157
"E:/Projects/Clowns/Content/HorrorEngine/Meshes/Arch_Cube_SM.uexp" 3158
"E:/Projects/Clowns/Content/HorrorEngine/Audio/Voices/S_Dialogue_30.uasset" 3159
"E:/Projects/Clowns/Content/HorrorEngine/Audio/Voices/S_Dialogue_30.uexp" 3160
"E:/Projects/Clowns/Content/HorrorEngine/Audio/Voices/S_Dialogue_30_Cue.uasset" 3161
"E:/Projects/Clowns/Content/HorrorEngine/Audio/Voices/S_Dialogue_30_Cue.uexp" 3162
"E:/Projects/Clowns/Content/HorrorEngine/Meshes/Arch_Door_High_SM.ubulk" 3163
"E:/Projects/Clowns/Content/HorrorEngine/Meshes/Arch_Door_High_SM.uasset" 3164
"E:/Projects/Clowns/Content/HorrorEngine/Meshes/Arch_Door_High_SM.uexp" 3165
"E:/Projects/Clowns/Content/HorrorEngine/Textures/T_Painting_08_N.uasset" 3166
"E:/Projects/Clowns/Content/HorrorEngine/Textures/T_Painting_08_N.uexp" 3167
"E:/Projects/Clowns/Content/HorrorEngine/Textures/T_Painting_08_D.uasset" 3168
"E:/Projects/Clowns/Content/HorrorEngine/Textures/T_Painting_08_D.uexp" 3169
"E:/Projects/Clowns/Content/HorrorEngine/Materials/MaterialInstances/MI_Painting_08.uasset" 3170
"E:/Projects/Clowns/Content/HorrorEngine/Materials/MaterialInstances/MI_Painting_08.uexp" 3171
"E:/Projects/Clowns/Content/HorrorEngine/Audio/Ambient/S_Music_02.uasset" 3172
"E:/Projects/Clowns/Content/HorrorEngine/Audio/Ambient/S_Music_02.uexp" 3173
"E:/Projects/Clowns/Content/HorrorEngine/Audio/Ambient/S_Music_02_Cue.uasset" 3174
"E:/Projects/Clowns/Content/HorrorEngine/Audio/Ambient/S_Music_02_Cue.uexp" 3175
"E:/Projects/Clowns/Content/HorrorEngine/Audio/Voices/S_Dialogue_14v2.uasset" 3176
"E:/Projects/Clowns/Content/HorrorEngine/Audio/Voices/S_Dialogue_14v2.uexp" 3177
"E:/Projects/Clowns/Content/HorrorEngine/Audio/Voices/S_Dialogue_14v2_Cue.uasset" 3178
"E:/Projects/Clowns/Content/HorrorEngine/Audio/Voices/S_Dialogue_14v2_Cue.uexp" 3179
"E:/Projects/Clowns/Content/HorrorEngine/Textures/HUD/Icon_Damage.uasset" 3180
"E:/Projects/Clowns/Content/HorrorEngine/Textures/HUD/Icon_Damage.uexp" 3181
"E:/Projects/Clowns/Content/HorrorEngine/Blueprints/Assets/Triggers/Trigger_Damage.uasset" 3182
"E:/Projects/Clowns/Content/HorrorEngine/Blueprints/Assets/Triggers/Trigger_Damage.uexp" 3183
"E:/Projects/Clowns/Content/HorrorEngine/Audio/Voices/S_Dialogue_16.uasset" 3184
"E:/Projects/Clowns/Content/HorrorEngine/Audio/Voices/S_Dialogue_16.uexp" 3185
"E:/Projects/Clowns/Content/HorrorEngine/Audio/Voices/S_Dialogue_16_Cue.uasset" 3186
"E:/Projects/Clowns/Content/HorrorEngine/Audio/Voices/S_Dialogue_16_Cue.uexp" 3187
"E:/Projects/Clowns/Content/HorrorEngine/Textures/T_Painting_04_D.uasset" 3188
"E:/Projects/Clowns/Content/HorrorEngine/Textures/T_Painting_04_D.uexp" 3189
"E:/Projects/Clowns/Content/HorrorEngine/Textures/T_Painting_04_N.uasset" 3190
"E:/Projects/Clowns/Content/HorrorEngine/Textures/T_Painting_04_N.uexp" 3191
"E:/Projects/Clowns/Content/HorrorEngine/Materials/MaterialInstances/MI_Painting_04.uasset" 3192
"E:/Projects/Clowns/Content/HorrorEngine/Materials/MaterialInstances/MI_Painting_04.uexp" 3193
"E:/Projects/Clowns/Content/HorrorEngine/Blueprints/Assets/Interactables/Light_Spot.uasset" 3194
"E:/Projects/Clowns/Content/HorrorEngine/Blueprints/Assets/Interactables/Light_Spot.uexp" 3195
"E:/Projects/Clowns/Content/Movies/MS_VHS_29Dec1985.uasset" 3196
"E:/Projects/Clowns/Content/Movies/MS_VHS_29Dec1985.uexp" 3197
"E:/Projects/Clowns/Content/HorrorEngine/Textures/T_Tile_D.ubulk" 3198
"E:/Projects/Clowns/Content/HorrorEngine/Textures/T_Tile_D.uasset" 3199
"E:/Projects/Clowns/Content/HorrorEngine/Textures/T_Tile_D.uexp" 3200
"E:/Projects/Clowns/Content/HorrorEngine/Textures/T_Tile_N.ubulk" 3201
"E:/Projects/Clowns/Content/HorrorEngine/Textures/T_Tile_N.uasset" 3202
"E:/Projects/Clowns/Content/HorrorEngine/Textures/T_Tile_N.uexp" 3203
"E:/Projects/Clowns/Content/HorrorEngine/Materials/MaterialInstances/MI_Tile.uasset" 3204
"E:/Projects/Clowns/Content/HorrorEngine/Materials/MaterialInstances/MI_Tile.uexp" 3205
"E:/Projects/Clowns/Content/HorrorEngine/Audio/Voices/S_Dialogue_29.uasset" 3206
"E:/Projects/Clowns/Content/HorrorEngine/Audio/Voices/S_Dialogue_29.uexp" 3207
"E:/Projects/Clowns/Content/HorrorEngine/Audio/Voices/S_Dialogue_29_Cue.uasset" 3208
"E:/Projects/Clowns/Content/HorrorEngine/Audio/Voices/S_Dialogue_29_Cue.uexp" 3209
"E:/Projects/Clowns/Content/HorrorEngine/Audio/Voices/S_Dialogue_14.uasset" 3210
"E:/Projects/Clowns/Content/HorrorEngine/Audio/Voices/S_Dialogue_14.uexp" 3211
"E:/Projects/Clowns/Content/HorrorEngine/Audio/Voices/S_Dialogue_14_Cue.uasset" 3212
"E:/Projects/Clowns/Content/HorrorEngine/Audio/Voices/S_Dialogue_14_Cue.uexp" 3213
"E:/Projects/Clowns/Content/HorrorEngine/Audio/Effects/S_Baby_01.uasset" 3214
"E:/Projects/Clowns/Content/HorrorEngine/Audio/Effects/S_Baby_01.uexp" 3215
"E:/Projects/Clowns/Content/HorrorEngine/Audio/Effects/S_Baby_01_Cue.uasset" 3216
"E:/Projects/Clowns/Content/HorrorEngine/Audio/Effects/S_Baby_01_Cue.uexp" 3217
"E:/Projects/Clowns/Content/HorrorEngine/Textures/T_Space_D.uasset" 3218
"E:/Projects/Clowns/Content/HorrorEngine/Textures/T_Space_D.uexp" 3219
"E:/Projects/Clowns/Content/HorrorEngine/Materials/M_Space.uasset" 3220
"E:/Projects/Clowns/Content/HorrorEngine/Materials/M_Space.uexp" 3221
"E:/Projects/Clowns/Content/HorrorEngine/Textures/T_Painting_06_N.uasset" 3222
"E:/Projects/Clowns/Content/HorrorEngine/Textures/T_Painting_06_N.uexp" 3223
"E:/Projects/Clowns/Content/HorrorEngine/Textures/T_Painting_06_D.uasset" 3224
"E:/Projects/Clowns/Content/HorrorEngine/Textures/T_Painting_06_D.uexp" 3225
"E:/Projects/Clowns/Content/HorrorEngine/Materials/MaterialInstances/MI_Painting_06.uasset" 3226
"E:/Projects/Clowns/Content/HorrorEngine/Materials/MaterialInstances/MI_Painting_06.uexp" 3227
"E:/Projects/Clowns/Content/HorrorEngine/Textures/T_Photo_Balls_D.uasset" 3228
"E:/Projects/Clowns/Content/HorrorEngine/Textures/T_Photo_Balls_D.uexp" 3229
"E:/Projects/Clowns/Content/HorrorEngine/Audio/Voices/S_Dialogue_15.uasset" 3230
"E:/Projects/Clowns/Content/HorrorEngine/Audio/Voices/S_Dialogue_15.uexp" 3231
"E:/Projects/Clowns/Content/HorrorEngine/Audio/Voices/S_Dialogue_15_Cue.uasset" 3232
"E:/Projects/Clowns/Content/HorrorEngine/Audio/Voices/S_Dialogue_15_Cue.uexp" 3233
"E:/Projects/Clowns/Content/HorrorEngine/Meshes/Arch_Pillar_SM.ubulk" 3234
"E:/Projects/Clowns/Content/HorrorEngine/Meshes/Arch_Pillar_SM.uasset" 3235
"E:/Projects/Clowns/Content/HorrorEngine/Meshes/Arch_Pillar_SM.uexp" 3236
"E:/Projects/Clowns/Content/HorrorEngine/Audio/Voices/S_Dialogue_18.uasset" 3237
"E:/Projects/Clowns/Content/HorrorEngine/Audio/Voices/S_Dialogue_18.uexp" 3238
"E:/Projects/Clowns/Content/HorrorEngine/Audio/Voices/S_Dialogue_18_Cue.uasset" 3239
"E:/Projects/Clowns/Content/HorrorEngine/Audio/Voices/S_Dialogue_18_Cue.uexp" 3240
"E:/Projects/Clowns/Content/HorrorEngine/Materials/MaterialInstances/MI_Hexagon.uasset" 3241
"E:/Projects/Clowns/Content/HorrorEngine/Materials/MaterialInstances/MI_Hexagon.uexp" 3242
"E:/Projects/Clowns/Content/HorrorEngine/Maps/Demonstration.uexp" 3243
"E:/Projects/Clowns/Content/HorrorEngine/Maps/Demonstration.umap" 3244
"E:/Projects/Clowns/Content/HorrorEngine/Maps/Intro_BuiltData.uasset" 3245
"E:/Projects/Clowns/Content/HorrorEngine/Maps/Intro_BuiltData.uexp" 3246
"E:/Projects/Clowns/Content/HorrorEngine/Maps/Intro.uexp" 3247
"E:/Projects/Clowns/Content/HorrorEngine/Maps/Intro.umap" 3248
"E:/Projects/Clowns/Content/HorrorEngine/Particles/Materials/M_Steam.uasset" 3249
"E:/Projects/Clowns/Content/HorrorEngine/Particles/Materials/M_Steam.uexp" 3250
"E:/Projects/Clowns/Content/HorrorEngine/Particles/P_Steam.uasset" 3251
"E:/Projects/Clowns/Content/HorrorEngine/Particles/P_Steam.uexp" 3252
"E:/Projects/Clowns/Content/HorrorEngine/Textures/T_HE_Logo_D.uasset" 3253
"E:/Projects/Clowns/Content/HorrorEngine/Textures/T_HE_Logo_D.uexp" 3254
"E:/Projects/Clowns/Content/HorrorEngine/Materials/M_Logo_White.uasset" 3255
"E:/Projects/Clowns/Content/HorrorEngine/Materials/M_Logo_White.uexp" 3256
"E:/Projects/Clowns/Content/HorrorEngine/Maps/MenuLevel_BuiltData.uasset" 3257
"E:/Projects/Clowns/Content/HorrorEngine/Maps/MenuLevel_BuiltData.uexp" 3258
"E:/Projects/Clowns/Content/HorrorEngine/Maps/MenuLevel.uexp" 3259
"E:/Projects/Clowns/Content/HorrorEngine/Maps/MenuLevel.umap" 3260
"E:/Projects/Clowns/Content/HorrorEngine/Blueprints/Assets/Interactables/Physics_Object.uasset" 3261
"E:/Projects/Clowns/Content/HorrorEngine/Blueprints/Assets/Interactables/Physics_Object.uexp" 3262
"E:/Projects/Clowns/Content/HorrorEngine/Textures/T_Paper_Cabinet_D.uasset" 3263
"E:/Projects/Clowns/Content/HorrorEngine/Textures/T_Paper_Cabinet_D.uexp" 3264
"E:/Projects/Clowns/Content/HorrorEngine/Textures/T_Paper_SecretBook_D.uasset" 3265
"E:/Projects/Clowns/Content/HorrorEngine/Textures/T_Paper_SecretBook_D.uexp" 3266
"E:/Projects/Clowns/Content/HorrorEngine/Textures/T_Photo_Sample01_D.uasset" 3267
"E:/Projects/Clowns/Content/HorrorEngine/Textures/T_Photo_Sample01_D.uexp" 3268
"E:/Projects/Clowns/Content/HorrorEngine/Textures/HUD/Icon_KeycardBlue.uasset" 3269
"E:/Projects/Clowns/Content/HorrorEngine/Textures/HUD/Icon_KeycardBlue.uexp" 3270
"E:/Projects/Clowns/Content/HorrorEngine/Textures/T_Photo_Sample03_D.uasset" 3271
"E:/Projects/Clowns/Content/HorrorEngine/Textures/T_Photo_Sample03_D.uexp" 3272
"E:/Projects/Clowns/Content/HorrorEngine/Textures/T_Paper_Door_D.uasset" 3273
"E:/Projects/Clowns/Content/HorrorEngine/Textures/T_Paper_Door_D.uexp" 3274
"E:/Projects/Clowns/Content/HorrorEngine/Textures/T_Photo_Sample05_D.uasset" 3275
"E:/Projects/Clowns/Content/HorrorEngine/Textures/T_Photo_Sample05_D.uexp" 3276
"E:/Projects/Clowns/Content/HorrorEngine/Materials/MaterialInstances/MI_Color_Green.uasset" 3277
"E:/Projects/Clowns/Content/HorrorEngine/Materials/MaterialInstances/MI_Color_Green.uexp" 3278
"E:/Projects/Clowns/Content/HorrorEngine/Textures/T_Paper_Lever_D.uasset" 3279
"E:/Projects/Clowns/Content/HorrorEngine/Textures/T_Paper_Lever_D.uexp" 3280
"E:/Projects/Clowns/Content/HorrorEngine/Textures/T_Paper_Spotlight_D.uasset" 3281
"E:/Projects/Clowns/Content/HorrorEngine/Textures/T_Paper_Spotlight_D.uexp" 3282
"E:/Projects/Clowns/Content/HorrorEngine/Textures/T_Paper_Inventory_D.uasset" 3283
"E:/Projects/Clowns/Content/HorrorEngine/Textures/T_Paper_Inventory_D.uexp" 3284
"E:/Projects/Clowns/Content/HorrorEngine/Audio/Voices/S_Introducer_06.uasset" 3285
"E:/Projects/Clowns/Content/HorrorEngine/Audio/Voices/S_Introducer_06.uexp" 3286
"E:/Projects/Clowns/Content/HorrorEngine/Audio/Voices/S_Introducer_06_Cue.uasset" 3287
"E:/Projects/Clowns/Content/HorrorEngine/Audio/Voices/S_Introducer_06_Cue.uexp" 3288
"E:/Projects/Clowns/Content/HorrorEngine/Textures/T_Book_D.ubulk" 3289
"E:/Projects/Clowns/Content/HorrorEngine/Textures/T_Book_D.uasset" 3290
"E:/Projects/Clowns/Content/HorrorEngine/Textures/T_Book_D.uexp" 3291
"E:/Projects/Clowns/Content/HorrorEngine/Textures/T_Book_N.ubulk" 3292
"E:/Projects/Clowns/Content/HorrorEngine/Textures/T_Book_N.uasset" 3293
"E:/Projects/Clowns/Content/HorrorEngine/Textures/T_Book_N.uexp" 3294
"E:/Projects/Clowns/Content/HorrorEngine/Textures/T_Book_M.ubulk" 3295
"E:/Projects/Clowns/Content/HorrorEngine/Textures/T_Book_M.uasset" 3296
"E:/Projects/Clowns/Content/HorrorEngine/Textures/T_Book_M.uexp" 3297
"E:/Projects/Clowns/Content/HorrorEngine/Textures/T_Book_Color_M.ubulk" 3298
"E:/Projects/Clowns/Content/HorrorEngine/Textures/T_Book_Color_M.uasset" 3299
"E:/Projects/Clowns/Content/HorrorEngine/Textures/T_Book_Color_M.uexp" 3300
"E:/Projects/Clowns/Content/HorrorEngine/Materials/M_Book.uasset" 3301
"E:/Projects/Clowns/Content/HorrorEngine/Materials/M_Book.uexp" 3302
"E:/Projects/Clowns/Content/HorrorEngine/Textures/T_Painting_12_D.uasset" 3303
"E:/Projects/Clowns/Content/HorrorEngine/Textures/T_Painting_12_D.uexp" 3304
"E:/Projects/Clowns/Content/HorrorEngine/Textures/T_Painting_12_N.uasset" 3305
"E:/Projects/Clowns/Content/HorrorEngine/Textures/T_Painting_12_N.uexp" 3306
"E:/Projects/Clowns/Content/HorrorEngine/Materials/MaterialInstances/MI_Painting_12.uasset" 3307
"E:/Projects/Clowns/Content/HorrorEngine/Materials/MaterialInstances/MI_Painting_12.uexp" 3308
"E:/Projects/Clowns/Content/HorrorEngine/Textures/T_Painting_14_D.uasset" 3309
"E:/Projects/Clowns/Content/HorrorEngine/Textures/T_Painting_14_D.uexp" 3310
"E:/Projects/Clowns/Content/HorrorEngine/Textures/T_Painting_14_N.uasset" 3311
"E:/Projects/Clowns/Content/HorrorEngine/Textures/T_Painting_14_N.uexp" 3312
"E:/Projects/Clowns/Content/HorrorEngine/Materials/MaterialInstances/MI_Painting_14.uasset" 3313
"E:/Projects/Clowns/Content/HorrorEngine/Materials/MaterialInstances/MI_Painting_14.uexp" 3314
"E:/Projects/Clowns/Content/HorrorEngine/Textures/T_Paper_Valve_D.uasset" 3315
"E:/Projects/Clowns/Content/HorrorEngine/Textures/T_Paper_Valve_D.uexp" 3316
"E:/Projects/Clowns/Content/HorrorEngine/Textures/T_Paper_Inspection_D.uasset" 3317
"E:/Projects/Clowns/Content/HorrorEngine/Textures/T_Paper_Inspection_D.uexp" 3318
"E:/Projects/Clowns/Content/HorrorEngine/Textures/T_Paper_SecretPainting_D.uasset" 3319
"E:/Projects/Clowns/Content/HorrorEngine/Textures/T_Paper_SecretPainting_D.uexp" 3320
"E:/Projects/Clowns/Content/HorrorEngine/Textures/T_Paper_Torch_D.uasset" 3321
"E:/Projects/Clowns/Content/HorrorEngine/Textures/T_Paper_Torch_D.uexp" 3322
"E:/Projects/Clowns/Content/HorrorEngine/Audio/Voices/S_Introducer_05.uasset" 3323
"E:/Projects/Clowns/Content/HorrorEngine/Audio/Voices/S_Introducer_05.uexp" 3324
"E:/Projects/Clowns/Content/HorrorEngine/Audio/Voices/S_Introducer_05_Cue.uasset" 3325
"E:/Projects/Clowns/Content/HorrorEngine/Audio/Voices/S_Introducer_05_Cue.uexp" 3326
"E:/Projects/Clowns/Content/HorrorEngine/Textures/T_Metal_D.ubulk" 3327
"E:/Projects/Clowns/Content/HorrorEngine/Textures/T_Metal_D.uasset" 3328
"E:/Projects/Clowns/Content/HorrorEngine/Textures/T_Metal_D.uexp" 3329
"E:/Projects/Clowns/Content/HorrorEngine/Materials/PhysicalMaterials/PM_Metal.uasset" 3330
"E:/Projects/Clowns/Content/HorrorEngine/Materials/PhysicalMaterials/PM_Metal.uexp" 3331
"E:/Projects/Clowns/Content/HorrorEngine/Textures/T_Metal_N.ubulk" 3332
"E:/Projects/Clowns/Content/HorrorEngine/Textures/T_Metal_N.uasset" 3333
"E:/Projects/Clowns/Content/HorrorEngine/Textures/T_Metal_N.uexp" 3334
"E:/Projects/Clowns/Content/HorrorEngine/Materials/MaterialInstances/MI_Metal.uasset" 3335
"E:/Projects/Clowns/Content/HorrorEngine/Materials/MaterialInstances/MI_Metal.uexp" 3336
"E:/Projects/Clowns/Content/HorrorEngine/Textures/HUD/Icon_VHS_ContinuumMechanics.uasset" 3337
"E:/Projects/Clowns/Content/HorrorEngine/Textures/HUD/Icon_VHS_ContinuumMechanics.uexp" 3338
"E:/Projects/Clowns/Content/HorrorEngine/Textures/T_Paper_Portal_D.uasset" 3339
"E:/Projects/Clowns/Content/HorrorEngine/Textures/T_Paper_Portal_D.uexp" 3340
"E:/Projects/Clowns/Content/HorrorEngine/Textures/T_Carpet_N.ubulk" 3341
"E:/Projects/Clowns/Content/HorrorEngine/Textures/T_Carpet_N.uasset" 3342
"E:/Projects/Clowns/Content/HorrorEngine/Textures/T_Carpet_N.uexp" 3343
"E:/Projects/Clowns/Content/HorrorEngine/Materials/PhysicalMaterials/PM_Carpet.uasset" 3344
"E:/Projects/Clowns/Content/HorrorEngine/Materials/PhysicalMaterials/PM_Carpet.uexp" 3345
"E:/Projects/Clowns/Content/HorrorEngine/Textures/T_Carpet_D.ubulk" 3346
"E:/Projects/Clowns/Content/HorrorEngine/Textures/T_Carpet_D.uasset" 3347
"E:/Projects/Clowns/Content/HorrorEngine/Textures/T_Carpet_D.uexp" 3348
"E:/Projects/Clowns/Content/HorrorEngine/Materials/MaterialInstances/MI_Carpet.uasset" 3349
"E:/Projects/Clowns/Content/HorrorEngine/Materials/MaterialInstances/MI_Carpet.uexp" 3350
"E:/Projects/Clowns/Content/HorrorEngine/Textures/T_Paper_SpotlightFlickering_D.uasset" 3351
"E:/Projects/Clowns/Content/HorrorEngine/Textures/T_Paper_SpotlightFlickering_D.uexp" 3352
"E:/Projects/Clowns/Content/HorrorEngine/Meshes/Valve_SM.ubulk" 3353
"E:/Projects/Clowns/Content/HorrorEngine/Meshes/Valve_SM.uasset" 3354
"E:/Projects/Clowns/Content/HorrorEngine/Meshes/Valve_SM.uexp" 3355
"E:/Projects/Clowns/Content/HorrorEngine/Meshes/Cabinet_Shelve_SM.ubulk" 3356
"E:/Projects/Clowns/Content/HorrorEngine/Meshes/Cabinet_Shelve_SM.uasset" 3357
"E:/Projects/Clowns/Content/HorrorEngine/Meshes/Cabinet_Shelve_SM.uexp" 3358
"E:/Projects/Clowns/Content/Movies/MS_VHS_ContinuumMechanics.uasset" 3359
"E:/Projects/Clowns/Content/Movies/MS_VHS_ContinuumMechanics.uexp" 3360
"E:/Projects/Clowns/Content/HorrorEngine/Textures/T_Paper_SecurityControl_D.uasset" 3361
"E:/Projects/Clowns/Content/HorrorEngine/Textures/T_Paper_SecurityControl_D.uexp" 3362
"E:/Projects/Clowns/Content/HorrorEngine/Textures/T_Paper_Torch2_D.uasset" 3363
"E:/Projects/Clowns/Content/HorrorEngine/Textures/T_Paper_Torch2_D.uexp" 3364
"E:/Projects/Clowns/Content/HorrorEngine/Textures/T_Paper_SlidingDoor_D.uasset" 3365
"E:/Projects/Clowns/Content/HorrorEngine/Textures/T_Paper_SlidingDoor_D.uexp" 3366
"E:/Projects/Clowns/Content/Movies/MS_TV_Stream02.uasset" 3367
"E:/Projects/Clowns/Content/Movies/MS_TV_Stream02.uexp" 3368
"E:/Projects/Clowns/Content/HorrorEngine/Textures/T_Paper_Drawer_D.uasset" 3369
"E:/Projects/Clowns/Content/HorrorEngine/Textures/T_Paper_Drawer_D.uexp" 3370
"E:/Projects/Clowns/Content/HorrorEngine/Audio/Voices/S_Introducer_08.uasset" 3371
"E:/Projects/Clowns/Content/HorrorEngine/Audio/Voices/S_Introducer_08.uexp" 3372
"E:/Projects/Clowns/Content/HorrorEngine/Audio/Voices/S_Introducer_08_Cue.uasset" 3373
"E:/Projects/Clowns/Content/HorrorEngine/Audio/Voices/S_Introducer_08_Cue.uexp" 3374
"E:/Projects/Clowns/Content/HorrorEngine/Textures/T_Paper_KeycardControl_D.uasset" 3375
"E:/Projects/Clowns/Content/HorrorEngine/Textures/T_Paper_KeycardControl_D.uexp" 3376
"E:/Projects/Clowns/Content/HorrorEngine/Textures/T_Paper_TV_D.uasset" 3377
"E:/Projects/Clowns/Content/HorrorEngine/Textures/T_Paper_TV_D.uexp" 3378
"E:/Projects/Clowns/Content/HorrorEngine/Textures/T_Paper_SecurityCam_D.uasset" 3379
"E:/Projects/Clowns/Content/HorrorEngine/Textures/T_Paper_SecurityCam_D.uexp" 3380
"E:/Projects/Clowns/Content/HorrorEngine/Textures/T_Paper_SecretTorch_D.uasset" 3381
"E:/Projects/Clowns/Content/HorrorEngine/Textures/T_Paper_SecretTorch_D.uexp" 3382
"E:/Projects/Clowns/Content/HorrorEngine/Textures/T_Paper_HorrorEvents_D.uasset" 3383
"E:/Projects/Clowns/Content/HorrorEngine/Textures/T_Paper_HorrorEvents_D.uexp" 3384
"E:/Projects/Clowns/Content/Movies/MS_TV_Stream01.uasset" 3385
"E:/Projects/Clowns/Content/Movies/MS_TV_Stream01.uexp" 3386
"../../../Engine/Plugins/Interchange/Assets/Content/gltf/MaterialInstances/MI_Transmission_DS.uasset" 3387
"../../../Engine/Plugins/Interchange/Assets/Content/gltf/MaterialInstances/MI_Transmission_DS.uexp" 3388
"E:/Projects/Clowns/Content/Materials/glass.uasset" 3389
"E:/Projects/Clowns/Content/Materials/glass.uexp" 3390
"E:/Projects/Clowns/Content/Textures/cassette_recorder_texture_0.ubulk" 3391
"E:/Projects/Clowns/Content/Textures/cassette_recorder_texture_0.uasset" 3392
"E:/Projects/Clowns/Content/Textures/cassette_recorder_texture_0.uexp" 3393
"E:/Projects/Clowns/Content/Textures/cassette_recorder_texture_1.ubulk" 3394
"E:/Projects/Clowns/Content/Textures/cassette_recorder_texture_1.uasset" 3395
"E:/Projects/Clowns/Content/Textures/cassette_recorder_texture_1.uexp" 3396
"E:/Projects/Clowns/Content/Textures/cassette_recorder_texture_2.ubulk" 3397
"E:/Projects/Clowns/Content/Textures/cassette_recorder_texture_2.uasset" 3398
"E:/Projects/Clowns/Content/Textures/cassette_recorder_texture_2.uexp" 3399
"../../../Engine/Plugins/Interchange/Assets/Content/gltf/MaterialInstances/MI_Default_Opaque_DS.uasset" 3400
"../../../Engine/Plugins/Interchange/Assets/Content/gltf/MaterialInstances/MI_Default_Opaque_DS.uexp" 3401
"E:/Projects/Clowns/Content/Materials/mein_002.uasset" 3402
"E:/Projects/Clowns/Content/Materials/mein_002.uexp" 3403
"E:/Projects/Clowns/Content/Meshes/SM_cassete_recorder.ubulk" 3404
"E:/Projects/Clowns/Content/Meshes/SM_cassete_recorder.uasset" 3405
"E:/Projects/Clowns/Content/Meshes/SM_cassete_recorder.uexp" 3406
"../../../Engine/Plugins/Interchange/Assets/Content/gltf/MaterialInstances/MI_Default_Blend_DS.uasset" 3407
"../../../Engine/Plugins/Interchange/Assets/Content/gltf/MaterialInstances/MI_Default_Blend_DS.uexp" 3408
"E:/Projects/Clowns/Content/Textures/walkman__1__texture_3.ubulk" 3409
"E:/Projects/Clowns/Content/Textures/walkman__1__texture_3.uasset" 3410
"E:/Projects/Clowns/Content/Textures/walkman__1__texture_3.uexp" 3411
"E:/Projects/Clowns/Content/Textures/walkman__1__texture_4.ubulk" 3412
"E:/Projects/Clowns/Content/Textures/walkman__1__texture_4.uasset" 3413
"E:/Projects/Clowns/Content/Textures/walkman__1__texture_4.uexp" 3414
"E:/Projects/Clowns/Content/Textures/walkman__1__texture_5.ubulk" 3415
"E:/Projects/Clowns/Content/Textures/walkman__1__texture_5.uasset" 3416
"E:/Projects/Clowns/Content/Textures/walkman__1__texture_5.uexp" 3417
"E:/Projects/Clowns/Content/Materials/M_Cassete.uasset" 3418
"E:/Projects/Clowns/Content/Materials/M_Cassete.uexp" 3419
"E:/Projects/Clowns/Content/Meshes/SM_Cassete.ubulk" 3420
"E:/Projects/Clowns/Content/Meshes/SM_Cassete.uasset" 3421
"E:/Projects/Clowns/Content/Meshes/SM_Cassete.uexp" 3422
"E:/Projects/Clowns/Content/Blueprints/Assets/BP_Cassete.uasset" 3423
"E:/Projects/Clowns/Content/Blueprints/Assets/BP_Cassete.uexp" 3424
"E:/Projects/Clowns/Content/Blueprints/Assets/BP_cassette_recorder.uasset" 3425
"E:/Projects/Clowns/Content/Blueprints/Assets/BP_cassette_recorder.uexp" 3426
"E:/Projects/Clowns/Content/HorrorEngine/Materials/M_Logo_Black.uasset" 3427
"E:/Projects/Clowns/Content/HorrorEngine/Materials/M_Logo_Black.uexp" 3428
"E:/Projects/Clowns/Content/HorrorEngine/Audio/Interactions/S_Metal_Hit_Cue.uasset" 3429
"E:/Projects/Clowns/Content/HorrorEngine/Audio/Interactions/S_Metal_Hit_Cue.uexp" 3430
"E:/Projects/Clowns/Content/HorrorEngine/Audio/Interactions/S_Book_Hit_02.uasset" 3431
"E:/Projects/Clowns/Content/HorrorEngine/Audio/Interactions/S_Book_Hit_02.uexp" 3432
"E:/Projects/Clowns/Content/HorrorEngine/Audio/Interactions/S_Book_Hit_01.uasset" 3433
"E:/Projects/Clowns/Content/HorrorEngine/Audio/Interactions/S_Book_Hit_01.uexp" 3434
"E:/Projects/Clowns/Content/HorrorEngine/Audio/Interactions/S_Book_Hit_Cue.uasset" 3435
"E:/Projects/Clowns/Content/HorrorEngine/Audio/Interactions/S_Book_Hit_Cue.uexp" 3436
"E:/Projects/Clowns/Content/Movies/MS_TV_Stream04.uasset" 3437
"E:/Projects/Clowns/Content/Movies/MS_TV_Stream04.uexp" 3438
"E:/Projects/Clowns/Content/Movies/MS_TV_Stream03.uasset" 3439
"E:/Projects/Clowns/Content/Movies/MS_TV_Stream03.uexp" 3440
"../../../Engine/Content/EditorResources/MatineeCam_D.uasset" 3441
"../../../Engine/Content/EditorResources/MatineeCam_D.uexp" 3442
"../../../Engine/Content/EditorMaterials/MatineeCam_mat.uasset" 3443
"../../../Engine/Content/EditorMaterials/MatineeCam_mat.uexp" 3444
"../../../Engine/Content/EditorMeshes/MatineeCam_SM.ubulk" 3445
"../../../Engine/Content/EditorMeshes/MatineeCam_SM.uasset" 3446
"../../../Engine/Content/EditorMeshes/MatineeCam_SM.uexp" 3447
"E:/Projects/Clowns/Content/HorrorEngine/Audio/Voices/S_Insane_03.uasset" 3448
"E:/Projects/Clowns/Content/HorrorEngine/Audio/Voices/S_Insane_03.uexp" 3449
"E:/Projects/Clowns/Content/HorrorEngine/Audio/Voices/S_Insane_08.uasset" 3450
"E:/Projects/Clowns/Content/HorrorEngine/Audio/Voices/S_Insane_08.uexp" 3451
"E:/Projects/Clowns/Content/HorrorEngine/Audio/Voices/S_Insane_09.uasset" 3452
"E:/Projects/Clowns/Content/HorrorEngine/Audio/Voices/S_Insane_09.uexp" 3453
"E:/Projects/Clowns/Content/HorrorEngine/Audio/Voices/S_Insane_05.uasset" 3454
"E:/Projects/Clowns/Content/HorrorEngine/Audio/Voices/S_Insane_05.uexp" 3455
"E:/Projects/Clowns/Content/HorrorEngine/Audio/Voices/S_Insane_10.uasset" 3456
"E:/Projects/Clowns/Content/HorrorEngine/Audio/Voices/S_Insane_10.uexp" 3457
"E:/Projects/Clowns/Content/HorrorEngine/Audio/Voices/S_Insane_11.uasset" 3458
"E:/Projects/Clowns/Content/HorrorEngine/Audio/Voices/S_Insane_11.uexp" 3459
"E:/Projects/Clowns/Content/HorrorEngine/Audio/Voices/S_Insane_12.uasset" 3460
"E:/Projects/Clowns/Content/HorrorEngine/Audio/Voices/S_Insane_12.uexp" 3461
"E:/Projects/Clowns/Content/HorrorEngine/Audio/Voices/S_Insane_07.uasset" 3462
"E:/Projects/Clowns/Content/HorrorEngine/Audio/Voices/S_Insane_07.uexp" 3463
"E:/Projects/Clowns/Content/HorrorEngine/Audio/Voices/S_Insane_02.uasset" 3464
"E:/Projects/Clowns/Content/HorrorEngine/Audio/Voices/S_Insane_02.uexp" 3465
"E:/Projects/Clowns/Content/HorrorEngine/Audio/Voices/S_Insane_06.uasset" 3466
"E:/Projects/Clowns/Content/HorrorEngine/Audio/Voices/S_Insane_06.uexp" 3467
"E:/Projects/Clowns/Content/HorrorEngine/Audio/Voices/S_Insane_04.uasset" 3468
"E:/Projects/Clowns/Content/HorrorEngine/Audio/Voices/S_Insane_04.uexp" 3469
"E:/Projects/Clowns/Content/HorrorEngine/Audio/Voices/S_InsaneVoice_Cue.uasset" 3470
"E:/Projects/Clowns/Content/HorrorEngine/Audio/Voices/S_InsaneVoice_Cue.uexp" 3471
"E:/Projects/Clowns/Content/HorrorEngine/Textures/T_Photo_Sample04_D.uasset" 3472
"E:/Projects/Clowns/Content/HorrorEngine/Textures/T_Photo_Sample04_D.uexp" 3473
"E:/Projects/Clowns/Content/HorrorEngine/Textures/T_Paper_Candle_D.uasset" 3474
"E:/Projects/Clowns/Content/HorrorEngine/Textures/T_Paper_Candle_D.uexp" 3475
"E:/Projects/Clowns/Content/HorrorEngine/Textures/T_VHS_ContinuumMechanics_D.uasset" 3476
"E:/Projects/Clowns/Content/HorrorEngine/Textures/T_VHS_ContinuumMechanics_D.uexp" 3477
"E:/Projects/Clowns/Content/HorrorEngine/Audio/Voices/S_Introducer_07.uasset" 3478
"E:/Projects/Clowns/Content/HorrorEngine/Audio/Voices/S_Introducer_07.uexp" 3479
"E:/Projects/Clowns/Content/HorrorEngine/Audio/Voices/S_Introducer_07_Cue.uasset" 3480
"E:/Projects/Clowns/Content/HorrorEngine/Audio/Voices/S_Introducer_07_Cue.uexp" 3481
"E:/Projects/Clowns/Content/HorrorEngine/Textures/T_Photo_Sample02_D.uasset" 3482
"E:/Projects/Clowns/Content/HorrorEngine/Textures/T_Photo_Sample02_D.uexp" 3483
"E:/Projects/Clowns/Content/HorrorEngine/Textures/T_Paper_Ladder_D.uasset" 3484
"E:/Projects/Clowns/Content/HorrorEngine/Textures/T_Paper_Ladder_D.uexp" 3485
"E:/Projects/Clowns/Content/HorrorEngine/Textures/T_Paper_RadioMesh_D.uasset" 3486
"E:/Projects/Clowns/Content/HorrorEngine/Textures/T_Paper_RadioMesh_D.uexp" 3487
"E:/Projects/Clowns/Content/HorrorEngine/Textures/T_Paper_KeycardControlMesh_D.uasset" 3488
"E:/Projects/Clowns/Content/HorrorEngine/Textures/T_Paper_KeycardControlMesh_D.uexp" 3489
"E:/Projects/Clowns/Content/HorrorEngine/Meshes/Book_SM.ubulk" 3490
"E:/Projects/Clowns/Content/HorrorEngine/Meshes/Book_SM.uasset" 3491
"E:/Projects/Clowns/Content/HorrorEngine/Meshes/Book_SM.uexp" 3492
"E:/Projects/Clowns/Content/HorrorEngine/Blueprints/Assets/Interactables/Controller_SecretBook.uasset" 3493
"E:/Projects/Clowns/Content/HorrorEngine/Blueprints/Assets/Interactables/Controller_SecretBook.uexp" 3494
"E:/Projects/Clowns/Content/HorrorEngine/Blueprints/Assets/Interactables/Controller_Valve.uasset" 3495
"E:/Projects/Clowns/Content/HorrorEngine/Blueprints/Assets/Interactables/Controller_Valve.uexp" 3496
"E:/Projects/Clowns/Content/HorrorEngine/Textures/T_Paper_EDoor_D.uasset" 3497
"E:/Projects/Clowns/Content/HorrorEngine/Textures/T_Paper_EDoor_D.uexp" 3498
"E:/Projects/Clowns/Content/HorrorEngine/Materials/MaterialInstances/MI_Color_Blue.uasset" 3499
"E:/Projects/Clowns/Content/HorrorEngine/Materials/MaterialInstances/MI_Color_Blue.uexp" 3500
"E:/Projects/Clowns/Content/HorrorEngine/Textures/T_Paper_SecurityMonitor_D.uasset" 3501
"E:/Projects/Clowns/Content/HorrorEngine/Textures/T_Paper_SecurityMonitor_D.uexp" 3502
"E:/Projects/Clowns/Content/HorrorEngine/Materials/MaterialInstances/MI_Color_Brown_01.uasset" 3503
"E:/Projects/Clowns/Content/HorrorEngine/Materials/MaterialInstances/MI_Color_Brown_01.uexp" 3504
"E:/Projects/Clowns/Content/HorrorEngine/Textures/T_Paper_PlayerSettings_D.uasset" 3505
"E:/Projects/Clowns/Content/HorrorEngine/Textures/T_Paper_PlayerSettings_D.uexp" 3506
"E:/Projects/Clowns/Content/HorrorEngine/Maps/Overview_BuiltData.ubulk" 3507
"E:/Projects/Clowns/Content/HorrorEngine/Maps/Overview_BuiltData.uasset" 3508
"E:/Projects/Clowns/Content/HorrorEngine/Maps/Overview_BuiltData.uexp" 3509
"E:/Projects/Clowns/Content/HorrorEngine/Textures/T_Paper_Speaker_D.uasset" 3510
"E:/Projects/Clowns/Content/HorrorEngine/Textures/T_Paper_Speaker_D.uexp" 3511
"E:/Projects/Clowns/Content/HorrorEngine/Textures/T_Paper_Radio_D.uasset" 3512
"E:/Projects/Clowns/Content/HorrorEngine/Textures/T_Paper_Radio_D.uexp" 3513
"E:/Projects/Clowns/Content/HorrorEngine/Textures/T_Paper_Button_D.uasset" 3514
"E:/Projects/Clowns/Content/HorrorEngine/Textures/T_Paper_Button_D.uexp" 3515
"E:/Projects/Clowns/Content/HorrorEngine/Materials/MaterialInstances/MI_Color_Pink.uasset" 3516
"E:/Projects/Clowns/Content/HorrorEngine/Materials/MaterialInstances/MI_Color_Pink.uexp" 3517
"E:/Projects/Clowns/Content/HorrorEngine/Textures/T_Paper_VhsPlayer_D.uasset" 3518
"E:/Projects/Clowns/Content/HorrorEngine/Textures/T_Paper_VhsPlayer_D.uexp" 3519
"E:/Projects/Clowns/Content/HorrorEngine/Textures/T_Grass_D.uasset" 3520
"E:/Projects/Clowns/Content/HorrorEngine/Textures/T_Grass_D.uexp" 3521
"E:/Projects/Clowns/Content/HorrorEngine/Textures/T_Grass_N.uasset" 3522
"E:/Projects/Clowns/Content/HorrorEngine/Textures/T_Grass_N.uexp" 3523
"E:/Projects/Clowns/Content/HorrorEngine/Materials/PhysicalMaterials/PM_Grass.uasset" 3524
"E:/Projects/Clowns/Content/HorrorEngine/Materials/PhysicalMaterials/PM_Grass.uexp" 3525
"E:/Projects/Clowns/Content/HorrorEngine/Materials/MaterialInstances/MI_Grass.uasset" 3526
"E:/Projects/Clowns/Content/HorrorEngine/Materials/MaterialInstances/MI_Grass.uexp" 3527
"E:/Projects/Clowns/Content/HorrorEngine/Textures/T_Paper_SecurityAlarm_D.uasset" 3528
"E:/Projects/Clowns/Content/HorrorEngine/Textures/T_Paper_SecurityAlarm_D.uexp" 3529
"E:/Projects/Clowns/Content/Textures/realistic_human_heart_texture_0.ubulk" 3530
"E:/Projects/Clowns/Content/Textures/realistic_human_heart_texture_0.uasset" 3531
"E:/Projects/Clowns/Content/Textures/realistic_human_heart_texture_0.uexp" 3532
"E:/Projects/Clowns/Content/Textures/realistic_human_heart_texture_1.ubulk" 3533
"E:/Projects/Clowns/Content/Textures/realistic_human_heart_texture_1.uasset" 3534
"E:/Projects/Clowns/Content/Textures/realistic_human_heart_texture_1.uexp" 3535
"E:/Projects/Clowns/Content/Textures/realistic_human_heart_texture_2.ubulk" 3536
"E:/Projects/Clowns/Content/Textures/realistic_human_heart_texture_2.uasset" 3537
"E:/Projects/Clowns/Content/Textures/realistic_human_heart_texture_2.uexp" 3538
"E:/Projects/Clowns/Content/Materials/Heart_Tex.uasset" 3539
"E:/Projects/Clowns/Content/Materials/Heart_Tex.uexp" 3540
"E:/Projects/Clowns/Content/Meshes/realistic_human_heart.ubulk" 3541
"E:/Projects/Clowns/Content/Meshes/realistic_human_heart.uasset" 3542
"E:/Projects/Clowns/Content/Meshes/realistic_human_heart.uexp" 3543
"E:/Projects/Clowns/Content/Textures/broken-heart-concept.uasset" 3544
"E:/Projects/Clowns/Content/Textures/broken-heart-concept.uexp" 3545
"E:/Projects/Clowns/Content/Textures/my_model_of_eye_texture_0.ubulk" 3546
"E:/Projects/Clowns/Content/Textures/my_model_of_eye_texture_0.uasset" 3547
"E:/Projects/Clowns/Content/Textures/my_model_of_eye_texture_0.uexp" 3548
"E:/Projects/Clowns/Content/Textures/my_model_of_eye_texture_1.ubulk" 3549
"E:/Projects/Clowns/Content/Textures/my_model_of_eye_texture_1.uasset" 3550
"E:/Projects/Clowns/Content/Textures/my_model_of_eye_texture_1.uexp" 3551
"E:/Projects/Clowns/Content/Textures/my_model_of_eye_texture_2.ubulk" 3552
"E:/Projects/Clowns/Content/Textures/my_model_of_eye_texture_2.uasset" 3553
"E:/Projects/Clowns/Content/Textures/my_model_of_eye_texture_2.uexp" 3554
"E:/Projects/Clowns/Content/Materials/M_Eye.uasset" 3555
"E:/Projects/Clowns/Content/Materials/M_Eye.uexp" 3556
"E:/Projects/Clowns/Content/Meshes/eye_eye_0.ubulk" 3557
"E:/Projects/Clowns/Content/Meshes/eye_eye_0.uasset" 3558
"E:/Projects/Clowns/Content/Meshes/eye_eye_0.uexp" 3559
"E:/Projects/Clowns/Content/Textures/my_model_of_eye_texture_7.ubulk" 3560
"E:/Projects/Clowns/Content/Textures/my_model_of_eye_texture_7.uasset" 3561
"E:/Projects/Clowns/Content/Textures/my_model_of_eye_texture_7.uexp" 3562
"E:/Projects/Clowns/Content/Textures/my_model_of_eye_texture_8.ubulk" 3563
"E:/Projects/Clowns/Content/Textures/my_model_of_eye_texture_8.uasset" 3564
"E:/Projects/Clowns/Content/Textures/my_model_of_eye_texture_8.uexp" 3565
"E:/Projects/Clowns/Content/Textures/my_model_of_eye_texture_9.ubulk" 3566
"E:/Projects/Clowns/Content/Textures/my_model_of_eye_texture_9.uasset" 3567
"E:/Projects/Clowns/Content/Textures/my_model_of_eye_texture_9.uexp" 3568
"E:/Projects/Clowns/Content/Materials/Iris.uasset" 3569
"E:/Projects/Clowns/Content/Materials/Iris.uexp" 3570
"E:/Projects/Clowns/Content/Meshes/iris_Iris_0.ubulk" 3571
"E:/Projects/Clowns/Content/Meshes/iris_Iris_0.uasset" 3572
"E:/Projects/Clowns/Content/Meshes/iris_Iris_0.uexp" 3573
"E:/Projects/Clowns/Content/Blueprints/BP_InsertItem.uasset" 3574
"E:/Projects/Clowns/Content/Blueprints/BP_InsertItem.uexp" 3575
"E:/Projects/Clowns/Content/Blueprints/BP_InsertPlace.uasset" 3576
"E:/Projects/Clowns/Content/Blueprints/BP_InsertPlace.uexp" 3577
"E:/Projects/Clowns/Content/HorrorEngine/Maps/Overview.uexp" 3578
"E:/Projects/Clowns/Content/HorrorEngine/Maps/Overview.umap" 3579
"../../../Engine/Content/Maps/Entry_BuiltData.uasset" 3580
"../../../Engine/Content/Maps/Entry_BuiltData.uexp" 3581
"../../../Engine/Content/Maps/Entry.uexp" 3582
"../../../Engine/Content/Maps/Entry.umap" 3583
